,annee,mois,region,SIN_N/N-1
0,2020,1,Auvergne-Rhône-Alpes,-0.035769555874735626
1,2020,2,Auvergne-Rhône-Alpes,0.0738336079455626
2,2020,3,Auvergne-Rhône-Alpes,-0.3789752519621832
3,2020,4,Auvergne-Rhône-Alpes,-0.6910474842619834
4,2020,5,Auvergne-Rhône-Alpes,-0.30254875722539376
5,2020,6,Auvergne-Rhône-Alpes,0.11211204939557695
6,2020,7,Auvergne-Rhône-Alpes,0.055993207147332136
7,2020,8,Auvergne-Rhône-Alpes,0.08059612809359429
8,2020,9,Auvergne-Rhône-Alpes,0.09258541833947209
9,2020,10,Auvergne-Rhône-Alpes,0.003125562091126799
10,2020,11,Auvergne-Rhône-Alpes,-0.008146108554121345
11,2020,12,Auvergne-Rhône-Alpes,0.027720128379346898
12,2020,1,Bourgogne-Franche-Comté,-0.032035178337406656
13,2020,2,Bourgogne-Franche-Comté,0.068648198552832
14,2020,3,Bourgogne-Franche-Comté,-0.34493919823206753
15,2020,4,Bourgogne-Franche-Comté,-0.6661104905382924
16,2020,5,Bourgogne-Franche-Comté,-0.3049281751368558
17,2020,6,Bourgogne-Franche-Comté,0.09496382075380017
18,2020,7,Bourgogne-Franche-Comté,0.0510739262845632
19,2020,8,Bourgogne-Franche-Comté,0.07272756140571368
20,2020,9,Bourgogne-Franche-Comté,0.0848823109234984
21,2020,10,Bourgogne-Franche-Comté,0.010372963580806971
22,2020,11,Bourgogne-Franche-Comté,0.008400247664093863
23,2020,12,Bourgogne-Franche-Comté,0.02325047896368604
24,2020,1,Bretagne,-0.0393001993253439
25,2020,2,Bretagne,0.051722518131503525
26,2020,3,Bretagne,-0.31611012728931875
27,2020,4,Bretagne,-0.6614133042567195
28,2020,5,Bretagne,-0.2958513682712256
29,2020,6,Bretagne,0.10453565774454554
30,2020,7,Bretagne,0.054422669615754815
31,2020,8,Bretagne,0.07884632236381184
32,2020,9,Bretagne,0.090916455396578
33,2020,10,Bretagne,0.018099634873327552
34,2020,11,Bretagne,0.05755131249628875
35,2020,12,Bretagne,0.04975984234851727
36,2020,1,Centre-Val-de-Loire,-0.046158915799322964
37,2020,2,Centre-Val-de-Loire,0.046374573008166387
38,2020,3,Centre-Val-de-Loire,-0.3211319888957842
39,2020,4,Centre-Val-de-Loire,-0.6675011610862895
40,2020,5,Centre-Val-de-Loire,-0.3089789486277469
41,2020,6,Centre-Val-de-Loire,0.08668825519386303
42,2020,7,Centre-Val-de-Loire,0.04017138134700615
43,2020,8,Centre-Val-de-Loire,0.07037556285011459
44,2020,9,Centre-Val-de-Loire,0.08642343759455473
45,2020,10,Centre-Val-de-Loire,0.016442991665330586
46,2020,11,Centre-Val-de-Loire,0.04104318593067435
47,2020,12,Centre-Val-de-Loire,0.06327694577732212
48,2020,1,Grand Est,-0.03097999339694779
49,2020,2,Grand Est,0.033999862518480084
50,2020,3,Grand Est,-0.31444988353616365
51,2020,4,Grand Est,-0.6106213621189523
52,2020,5,Grand Est,-0.3123967772359538
53,2020,6,Grand Est,0.06851172961100827
54,2020,7,Grand Est,0.033605857371411085
55,2020,8,Grand Est,0.05707372940351374
56,2020,9,Grand Est,0.057433605099525664
57,2020,10,Grand Est,-0.004637921996877847
58,2020,11,Grand Est,0.026617281895776834
59,2020,12,Grand Est,0.01154299941074588
60,2020,1,Hauts-de-France,-0.009358084429632374
61,2020,2,Hauts-de-France,0.05768925848318229
62,2020,3,Hauts-de-France,-0.31243997156770664
63,2020,4,Hauts-de-France,-0.6290763220717123
64,2020,5,Hauts-de-France,-0.28704102904763973
65,2020,6,Hauts-de-France,0.09231739221787372
66,2020,7,Hauts-de-France,0.04845682910019944
67,2020,8,Hauts-de-France,0.06389648392545766
68,2020,9,Hauts-de-France,0.07692800123375054
69,2020,10,Hauts-de-France,-0.0037487744127033817
70,2020,11,Hauts-de-France,0.02527411086473741
71,2020,12,Hauts-de-France,0.03553391320587407
72,2020,1,Ile-de-France,-0.029658962585175308
73,2020,2,Ile-de-France,0.007750158929192619
74,2020,3,Ile-de-France,-0.3453305378067263
75,2020,4,Ile-de-France,-0.6954120932880266
76,2020,5,Ile-de-France,-0.3016836888825428
77,2020,6,Ile-de-France,0.10183595491059494
78,2020,7,Ile-de-France,0.047279301360970694
79,2020,8,Ile-de-France,0.09086659003596642
80,2020,9,Ile-de-France,0.08024966081531648
81,2020,10,Ile-de-France,0.015928852159440288
82,2020,11,Ile-de-France,0.038510834043118836
83,2020,12,Ile-de-France,0.05810637355518855
84,2020,1,Normandie,-0.015865265832029185
85,2020,2,Normandie,0.08111628114661729
86,2020,3,Normandie,-0.31161956641163824
87,2020,4,Normandie,-0.6479078721808795
88,2020,5,Normandie,-0.25837682337748646
89,2020,6,Normandie,0.1496714985007752
90,2020,7,Normandie,0.09007487879476694
91,2020,8,Normandie,0.08931737167038611
92,2020,9,Normandie,0.10048715992277368
93,2020,10,Normandie,0.01353984999819624
94,2020,11,Normandie,0.03477684174761486
95,2020,12,Normandie,0.04382567224637457
96,2020,1,Nouvelle-Aquitaine,-0.024996198681946802
97,2020,2,Nouvelle-Aquitaine,0.07776604950707489
98,2020,3,Nouvelle-Aquitaine,-0.34899301990933707
99,2020,4,Nouvelle-Aquitaine,-0.6714356851223044
100,2020,5,Nouvelle-Aquitaine,-0.28274770308816166
101,2020,6,Nouvelle-Aquitaine,0.10890615477256027
102,2020,7,Nouvelle-Aquitaine,0.06112188172962951
103,2020,8,Nouvelle-Aquitaine,0.07328154278011612
104,2020,9,Nouvelle-Aquitaine,0.08022213266138412
105,2020,10,Nouvelle-Aquitaine,0.013925121761046322
106,2020,11,Nouvelle-Aquitaine,0.04656997471660551
107,2020,12,Nouvelle-Aquitaine,0.04743639250351195
108,2020,1,Occitanie,-0.029014166266017938
109,2020,2,Occitanie,0.008991754205214919
110,2020,3,Occitanie,-0.30867615176252305
111,2020,4,Occitanie,-0.6712056865763586
112,2020,5,Occitanie,-0.2799620247549385
113,2020,6,Occitanie,0.09530786248813317
114,2020,7,Occitanie,0.045575401392046855
115,2020,8,Occitanie,0.07107885288700255
116,2020,9,Occitanie,0.08138834563026953
117,2020,10,Occitanie,0.008371328174000103
118,2020,11,Occitanie,0.038116713763955756
119,2020,12,Occitanie,0.03552238450698875
120,2020,1,Pays de la Loire,-0.04226092791152436
121,2020,2,Pays de la Loire,0.0628463424939163
122,2020,3,Pays de la Loire,-0.32299600211543456
123,2020,4,Pays de la Loire,-0.6779724490370644
124,2020,5,Pays de la Loire,-0.28041796275763353
125,2020,6,Pays de la Loire,0.13130993128799728
126,2020,7,Pays de la Loire,0.07498198019794078
127,2020,8,Pays de la Loire,0.080393389584833
128,2020,9,Pays de la Loire,0.11294418148553631
129,2020,10,Pays de la Loire,0.043463363724075554
130,2020,11,Pays de la Loire,0.07271163154058513
131,2020,12,Pays de la Loire,0.07410798265664487
132,2020,1,Provence-Alpes-Côte d'Azur et Corse,-0.03956504340558664
133,2020,2,Provence-Alpes-Côte d'Azur et Corse,0.043042179284274784
134,2020,3,Provence-Alpes-Côte d'Azur et Corse,-0.3386132526831678
135,2020,4,Provence-Alpes-Côte d'Azur et Corse,-0.6550392303015211
136,2020,5,Provence-Alpes-Côte d'Azur et Corse,-0.28399490996150656
137,2020,6,Provence-Alpes-Côte d'Azur et Corse,0.10407871565089044
138,2020,7,Provence-Alpes-Côte d'Azur et Corse,0.0583438830989047
139,2020,8,Provence-Alpes-Côte d'Azur et Corse,0.08500124676829546
140,2020,9,Provence-Alpes-Côte d'Azur et Corse,0.07246867133751222
141,2020,10,Provence-Alpes-Côte d'Azur et Corse,0.0067455156317304255
142,2020,11,Provence-Alpes-Côte d'Azur et Corse,0.03914756144856213
143,2020,12,Provence-Alpes-Côte d'Azur et Corse,0.021452033444829377
144,2020,1,Régions et Départements d'outre-mer,-0.0656514573927649
145,2020,2,Régions et Départements d'outre-mer,-0.025496847364083197
146,2020,3,Régions et Départements d'outre-mer,-0.2529332457219785
147,2020,4,Régions et Départements d'outre-mer,-0.5765905602711675
148,2020,5,Régions et Départements d'outre-mer,-0.2744743863139183
149,2020,6,Régions et Départements d'outre-mer,-0.005545534974758737
150,2020,7,Régions et Départements d'outre-mer,0.02057504976475011
151,2020,8,Régions et Départements d'outre-mer,0.04527050689333745
152,2020,9,Régions et Départements d'outre-mer,0.005159451811552085
153,2020,10,Régions et Départements d'outre-mer,-0.03280317280461387
154,2020,11,Régions et Départements d'outre-mer,0.019132539857804387
155,2020,12,Régions et Départements d'outre-mer,0.014203622199860932
156,2021,1,Auvergne-Rhône-Alpes,-0.010589146574665698
157,2021,2,Auvergne-Rhône-Alpes,-0.07356947616769272
158,2021,3,Auvergne-Rhône-Alpes,0.6941412049211046
159,2021,4,Auvergne-Rhône-Alpes,2.184697171812468
160,2021,5,Auvergne-Rhône-Alpes,0.3897805972337063
161,2021,6,Auvergne-Rhône-Alpes,0.04572393457582358
162,2021,7,Auvergne-Rhône-Alpes,-0.08857434243004503
163,2021,8,Auvergne-Rhône-Alpes,-0.06889674002605983
164,2021,9,Auvergne-Rhône-Alpes,-0.019921341483349564
165,2021,10,Auvergne-Rhône-Alpes,-0.017906287508276164
166,2021,11,Auvergne-Rhône-Alpes,0.045092631175025044
167,2021,12,Auvergne-Rhône-Alpes,-0.05295767555812847
168,2021,1,Bourgogne-Franche-Comté,-0.029577846833646504
169,2021,2,Bourgogne-Franche-Comté,-0.08248995598403908
170,2021,3,Bourgogne-Franche-Comté,0.6069489120408293
171,2021,4,Bourgogne-Franche-Comté,2.0292615991750087
172,2021,5,Bourgogne-Franche-Comté,0.421244562440904
173,2021,6,Bourgogne-Franche-Comté,0.05191288465847643
174,2021,7,Bourgogne-Franche-Comté,-0.07429720313874044
175,2021,8,Bourgogne-Franche-Comté,-0.05527235739778913
176,2021,9,Bourgogne-Franche-Comté,-0.017663801505800603
177,2021,10,Bourgogne-Franche-Comté,-0.039776012329099775
178,2021,11,Bourgogne-Franche-Comté,0.023616081089326002
179,2021,12,Bourgogne-Franche-Comté,-0.027138640149537374
180,2021,1,Bretagne,-0.0003629111233555138
181,2021,2,Bretagne,-0.04070847870809313
182,2021,3,Bretagne,0.46646969973039565
183,2021,4,Bretagne,2.1070149253956623
184,2021,5,Bretagne,0.355227801683236
185,2021,6,Bretagne,0.039996161977624345
186,2021,7,Bretagne,-0.08378837771479564
187,2021,8,Bretagne,-0.06644301812830156
188,2021,9,Bretagne,-0.03789435735958069
189,2021,10,Bretagne,-0.031943404281184695
190,2021,11,Bretagne,-0.01513351473241975
191,2021,12,Bretagne,-0.04827039836150371
192,2021,1,Centre-Val-de-Loire,-0.013478719621302093
193,2021,2,Centre-Val-de-Loire,-0.03811960212394716
194,2021,3,Centre-Val-de-Loire,0.47848018502634226
195,2021,4,Centre-Val-de-Loire,2.1129756974635945
196,2021,5,Centre-Val-de-Loire,0.34316167530446795
197,2021,6,Centre-Val-de-Loire,0.05646911206204552
198,2021,7,Centre-Val-de-Loire,-0.07921114696570308
199,2021,8,Centre-Val-de-Loire,-0.0714930368244372
200,2021,9,Centre-Val-de-Loire,-0.03222151244043203
201,2021,10,Centre-Val-de-Loire,-0.0398007838071639
202,2021,11,Centre-Val-de-Loire,-0.0212763379998403
203,2021,12,Centre-Val-de-Loire,-0.04939746143433876
204,2021,1,Grand Est,-0.05009947633174161
205,2021,2,Grand Est,-0.03311979051169256
206,2021,3,Grand Est,0.4534487369599629
207,2021,4,Grand Est,1.6394862955691818
208,2021,5,Grand Est,0.39513771757185
209,2021,6,Grand Est,0.07376805947578613
210,2021,7,Grand Est,-0.05616811098789587
211,2021,8,Grand Est,-0.04161824423371652
212,2021,9,Grand Est,-0.013026369893083811
213,2021,10,Grand Est,-0.023543269210364426
214,2021,11,Grand Est,0.0038750372518316922
215,2021,12,Grand Est,-0.019251450495484934
216,2021,1,Hauts-de-France,-0.020659265437549812
217,2021,2,Hauts-de-France,-0.020351382089486947
218,2021,3,Hauts-de-France,0.46346757754554413
219,2021,4,Hauts-de-France,1.8181676103983864
220,2021,5,Hauts-de-France,0.33648043342884404
221,2021,6,Hauts-de-France,0.05827938604949767
222,2021,7,Hauts-de-France,-0.06992368318666031
223,2021,8,Hauts-de-France,-0.04097018276930109
224,2021,9,Hauts-de-France,-0.014982952623204926
225,2021,10,Hauts-de-France,-0.005578946981770527
226,2021,11,Hauts-de-France,0.009236342479763682
227,2021,12,Hauts-de-France,-0.02927150380707111
228,2021,1,Ile-de-France,0.018187822214417615
229,2021,2,Ile-de-France,-0.03994570751752324
230,2021,3,Ile-de-France,0.635200238713864
231,2021,4,Ile-de-France,2.426835428097959
232,2021,5,Ile-de-France,0.4278826279235701
233,2021,6,Ile-de-France,0.06334879364195722
234,2021,7,Ile-de-France,-0.08198886029068098
235,2021,8,Ile-de-France,-0.059615875153022135
236,2021,9,Ile-de-France,-0.025858406006519563
237,2021,10,Ile-de-France,-0.010098028586150054
238,2021,11,Ile-de-France,0.00027235839191352973
239,2021,12,Ile-de-France,-0.034365677177931486
240,2021,1,Normandie,-0.0037567884437448296
241,2021,2,Normandie,-0.025347068093913627
242,2021,3,Normandie,0.4816791246095007
243,2021,4,Normandie,2.0343699240693818
244,2021,5,Normandie,0.30288114229609886
245,2021,6,Normandie,0.02722290979792885
246,2021,7,Normandie,-0.08826430785889361
247,2021,8,Normandie,-0.06341079837718067
248,2021,9,Normandie,-0.025035487267432655
249,2021,10,Normandie,-0.021736897477136696
250,2021,11,Normandie,0.008700434802231038
251,2021,12,Normandie,-0.03403697367285219
252,2021,1,Nouvelle-Aquitaine,-0.03047928214596729
253,2021,2,Nouvelle-Aquitaine,-0.08696638766788012
254,2021,3,Nouvelle-Aquitaine,0.6177451350477796
255,2021,4,Nouvelle-Aquitaine,2.04768040311725
256,2021,5,Nouvelle-Aquitaine,0.3489406753348534
257,2021,6,Nouvelle-Aquitaine,0.031703722164613035
258,2021,7,Nouvelle-Aquitaine,-0.09059032109968301
259,2021,8,Nouvelle-Aquitaine,-0.07719856029071126
260,2021,9,Nouvelle-Aquitaine,-0.016749624394107876
261,2021,10,Nouvelle-Aquitaine,-0.040986439087339344
262,2021,11,Nouvelle-Aquitaine,-0.01369112162521835
263,2021,12,Nouvelle-Aquitaine,-0.04246646376308538
264,2021,1,Occitanie,-0.023321148427736582
265,2021,2,Occitanie,-0.052502674602590504
266,2021,3,Occitanie,0.5570586007831204
267,2021,4,Occitanie,2.023644765961706
268,2021,5,Occitanie,0.3716153013695971
269,2021,6,Occitanie,0.04111458496674869
270,2021,7,Occitanie,-0.09156543424084174
271,2021,8,Occitanie,-0.070907714236503
272,2021,9,Occitanie,-0.02343340143530015
273,2021,10,Occitanie,-0.028482216666791738
274,2021,11,Occitanie,-0.009457623844915775
275,2021,12,Occitanie,-0.035222272388997444
276,2021,1,Pays de la Loire,-0.0010501466077890154
277,2021,2,Pays de la Loire,-0.023684178191596406
278,2021,3,Pays de la Loire,0.5158643425667078
279,2021,4,Pays de la Loire,2.2976705337662797
280,2021,5,Pays de la Loire,0.3333233393879995
281,2021,6,Pays de la Loire,0.027169258508590755
282,2021,7,Pays de la Loire,-0.09649760410707653
283,2021,8,Pays de la Loire,-0.07954806734858666
284,2021,9,Pays de la Loire,-0.03273017565420333
285,2021,10,Pays de la Loire,-0.049209715196781634
286,2021,11,Pays de la Loire,-0.032242927782946906
287,2021,12,Pays de la Loire,-0.06254278466943064
288,2021,1,Provence-Alpes-Côte d'Azur et Corse,-0.02055400803484786
289,2021,2,Provence-Alpes-Côte d'Azur et Corse,-0.029117320128438928
290,2021,3,Provence-Alpes-Côte d'Azur et Corse,0.5375268184749682
291,2021,4,Provence-Alpes-Côte d'Azur et Corse,2.040737960579733
292,2021,5,Provence-Alpes-Côte d'Azur et Corse,0.3774676645552124
293,2021,6,Provence-Alpes-Côte d'Azur et Corse,0.045051003691517266
294,2021,7,Provence-Alpes-Côte d'Azur et Corse,-0.07810512876005093
295,2021,8,Provence-Alpes-Côte d'Azur et Corse,-0.06414249515096226
296,2021,9,Provence-Alpes-Côte d'Azur et Corse,-0.01482996817868898
297,2021,10,Provence-Alpes-Côte d'Azur et Corse,-0.02164886488861828
298,2021,11,Provence-Alpes-Côte d'Azur et Corse,0.011935089421565515
299,2021,12,Provence-Alpes-Côte d'Azur et Corse,-0.016307392268720355
300,2021,1,Régions et Départements d'outre-mer,0.03390499035707584
301,2021,2,Régions et Départements d'outre-mer,0.004795097929920056
302,2021,3,Régions et Départements d'outre-mer,0.45862473730739794
303,2021,4,Régions et Départements d'outre-mer,1.4443451406039882
304,2021,5,Régions et Départements d'outre-mer,0.4091914610682359
305,2021,6,Régions et Départements d'outre-mer,0.1330457198711783
306,2021,7,Régions et Départements d'outre-mer,-0.0528407699825425
307,2021,8,Régions et Départements d'outre-mer,-0.020038583756719075
308,2021,9,Régions et Départements d'outre-mer,-0.0032903593548770926
309,2021,10,Régions et Départements d'outre-mer,0.011349538944256832
310,2021,11,Régions et Départements d'outre-mer,-0.013240967222884259
311,2021,12,Régions et Départements d'outre-mer,0.004598441731349379
312,2022,1,Auvergne-Rhône-Alpes,-0.010056617301368531
313,2022,2,Auvergne-Rhône-Alpes,0.001310231683868679
314,2022,3,Auvergne-Rhône-Alpes,0.024580152652180054
315,2022,4,Auvergne-Rhône-Alpes,0.005076458854553545
316,2022,5,Auvergne-Rhône-Alpes,0.09584445635451155
317,2022,6,Auvergne-Rhône-Alpes,-0.05368188789972694
318,2022,7,Auvergne-Rhône-Alpes,-0.034188204097342356
319,2022,8,Auvergne-Rhône-Alpes,0.06222537939193784
320,2022,9,Auvergne-Rhône-Alpes,0.034823947322669246
321,2022,10,Auvergne-Rhône-Alpes,0.012019688484517177
322,2022,11,Auvergne-Rhône-Alpes,0.046474245168458994
323,2022,12,Auvergne-Rhône-Alpes,0.025570154960173674
324,2022,1,Bourgogne-Franche-Comté,0.023905109547062153
325,2022,2,Bourgogne-Franche-Comté,0.00801817516727188
326,2022,3,Bourgogne-Franche-Comté,0.033560672717817486
327,2022,4,Bourgogne-Franche-Comté,-0.007482918509222447
328,2022,5,Bourgogne-Franche-Comté,0.08409352607580933
329,2022,6,Bourgogne-Franche-Comté,-0.04537273727815605
330,2022,7,Bourgogne-Franche-Comté,-0.022086519444712183
331,2022,8,Bourgogne-Franche-Comté,0.04535964993819408
332,2022,9,Bourgogne-Franche-Comté,0.03579587461317568
333,2022,10,Bourgogne-Franche-Comté,0.019918597125053283
334,2022,11,Bourgogne-Franche-Comté,0.047277118326993994
335,2022,12,Bourgogne-Franche-Comté,0.022513298773267465
336,2022,1,Bretagne,0.011072935570898057
337,2022,2,Bretagne,-0.009868651316404908
338,2022,3,Bretagne,0.06502404751597068
339,2022,4,Bretagne,-0.03752245319574232
340,2022,5,Bretagne,0.11076802993967338
341,2022,6,Bretagne,-0.042949433653277636
342,2022,7,Bretagne,-0.018206594325079095
343,2022,8,Bretagne,0.04695333807837376
344,2022,9,Bretagne,0.0506348134024559
345,2022,10,Bretagne,0.020798166158969567
346,2022,11,Bretagne,0.043946791814978736
347,2022,12,Bretagne,0.021628655967073307
348,2022,1,Centre-Val-de-Loire,0.011939026964781663
349,2022,2,Centre-Val-de-Loire,-0.008392766285495679
350,2022,3,Centre-Val-de-Loire,0.06522747667516682
351,2022,4,Centre-Val-de-Loire,-0.021502202826067185
352,2022,5,Centre-Val-de-Loire,0.1423451722245337
353,2022,6,Centre-Val-de-Loire,-0.03438872017184691
354,2022,7,Centre-Val-de-Loire,-0.007901852242844232
355,2022,8,Centre-Val-de-Loire,0.05327856075598714
356,2022,9,Centre-Val-de-Loire,0.03891706428196451
357,2022,10,Centre-Val-de-Loire,0.021579970554717054
358,2022,11,Centre-Val-de-Loire,0.06225099918860555
359,2022,12,Centre-Val-de-Loire,0.02950762349542324
360,2022,1,Grand Est,0.07013873870972986
361,2022,2,Grand Est,-0.01790819723146353
362,2022,3,Grand Est,0.0738806264289622
363,2022,4,Grand Est,-0.010276238533243331
364,2022,5,Grand Est,0.11349498003311242
365,2022,6,Grand Est,-0.02513380459500636
366,2022,7,Grand Est,-0.006801479567625002
367,2022,8,Grand Est,0.06675783133969526
368,2022,9,Grand Est,0.053229362072357844
369,2022,10,Grand Est,0.04014637835030532
370,2022,11,Grand Est,0.059286114949497426
371,2022,12,Grand Est,0.03356561312763606
372,2022,1,Hauts-de-France,0.028178185948356083
373,2022,2,Hauts-de-France,-0.023451220034501064
374,2022,3,Hauts-de-France,0.07733478698208063
375,2022,4,Hauts-de-France,-0.01993911387482772
376,2022,5,Hauts-de-France,0.11638014946938635
377,2022,6,Hauts-de-France,-0.026859446656832153
378,2022,7,Hauts-de-France,-0.0060418267811055415
379,2022,8,Hauts-de-France,0.054373804335789755
380,2022,9,Hauts-de-France,0.04489714433895897
381,2022,10,Hauts-de-France,0.02118685449450708
382,2022,11,Hauts-de-France,0.05056320259918978
383,2022,12,Hauts-de-France,0.024950489287441924
384,2022,1,Ile-de-France,0.016139886959972705
385,2022,2,Ile-de-France,0.0553647575226528
386,2022,3,Ile-de-France,0.015016309303117259
387,2022,4,Ile-de-France,0.015698883799659002
388,2022,5,Ile-de-France,0.06810886245891656
389,2022,6,Ile-de-France,-0.03467081318380549
390,2022,7,Ile-de-France,-0.018534593356436035
391,2022,8,Ile-de-France,0.06945423791750516
392,2022,9,Ile-de-France,0.05693081242172271
393,2022,10,Ile-de-France,-0.002064378991268434
394,2022,11,Ile-de-France,0.043988236506318446
395,2022,12,Ile-de-France,0.007853529063376996
396,2022,1,Normandie,0.006902468893644542
397,2022,2,Normandie,-0.013195998404007092
398,2022,3,Normandie,0.07303955704226173
399,2022,4,Normandie,-0.023964803189850836
400,2022,5,Normandie,0.12215626641629895
401,2022,6,Normandie,-0.028915878419438656
402,2022,7,Normandie,-0.020262890091326646
403,2022,8,Normandie,0.06538817598013535
404,2022,9,Normandie,0.045638890956101186
405,2022,10,Normandie,0.024116408469334827
406,2022,11,Normandie,0.049436296555248394
407,2022,12,Normandie,0.01909409352581659
408,2022,1,Nouvelle-Aquitaine,0.019404803913685376
409,2022,2,Nouvelle-Aquitaine,0.004672407115650756
410,2022,3,Nouvelle-Aquitaine,0.031237416313193878
411,2022,4,Nouvelle-Aquitaine,-0.012434172769578256
412,2022,5,Nouvelle-Aquitaine,0.08557333863431871
413,2022,6,Nouvelle-Aquitaine,-0.03832839046676717
414,2022,7,Nouvelle-Aquitaine,-0.028727495303000228
415,2022,8,Nouvelle-Aquitaine,0.05551691559966376
416,2022,9,Nouvelle-Aquitaine,0.03530085564550767
417,2022,10,Nouvelle-Aquitaine,0.02724453483276168
418,2022,11,Nouvelle-Aquitaine,0.04479074935815297
419,2022,12,Nouvelle-Aquitaine,0.024919783861552247
420,2022,1,Occitanie,0.01736390500041418
421,2022,2,Occitanie,0.03686055295237245
422,2022,3,Occitanie,0.004352942828384387
423,2022,4,Occitanie,0.005380329725476196
424,2022,5,Occitanie,0.050814059646215215
425,2022,6,Occitanie,-0.03663835925755854
426,2022,7,Occitanie,-0.016179158357960688
427,2022,8,Occitanie,0.05560915550509948
428,2022,9,Occitanie,0.035972547389845344
429,2022,10,Occitanie,0.02759963528603926
430,2022,11,Occitanie,0.05612654338467293
431,2022,12,Occitanie,0.018508334634613544
432,2022,1,Pays de la Loire,0.007817336972113065
433,2022,2,Pays de la Loire,-0.03294865714681494
434,2022,3,Pays de la Loire,0.058739226137481504
435,2022,4,Pays de la Loire,-0.050428951104695696
436,2022,5,Pays de la Loire,0.10998308278740798
437,2022,6,Pays de la Loire,-0.04091331250499752
438,2022,7,Pays de la Loire,-0.026163491034542963
439,2022,8,Pays de la Loire,0.05775873094391226
440,2022,9,Pays de la Loire,0.03963349931288995
441,2022,10,Pays de la Loire,0.024550848361569733
442,2022,11,Pays de la Loire,0.06528370799169325
443,2022,12,Pays de la Loire,0.037198514867312404
444,2022,1,Provence-Alpes-Côte d'Azur et Corse,0.048546740613633066
445,2022,2,Provence-Alpes-Côte d'Azur et Corse,0.006627434926774978
446,2022,3,Provence-Alpes-Côte d'Azur et Corse,0.05070981140652164
447,2022,4,Provence-Alpes-Côte d'Azur et Corse,-0.024945456829495782
448,2022,5,Provence-Alpes-Côte d'Azur et Corse,0.09226183999537496
449,2022,6,Provence-Alpes-Côte d'Azur et Corse,-0.027761417756254625
450,2022,7,Provence-Alpes-Côte d'Azur et Corse,-0.02599806474533428
451,2022,8,Provence-Alpes-Côte d'Azur et Corse,0.057453564803708224
452,2022,9,Provence-Alpes-Côte d'Azur et Corse,0.04795739772310714
453,2022,10,Provence-Alpes-Côte d'Azur et Corse,0.02603138079288536
454,2022,11,Provence-Alpes-Côte d'Azur et Corse,0.04338876534583069
455,2022,12,Provence-Alpes-Côte d'Azur et Corse,0.01337934068113067
456,2022,1,Régions et Départements d'outre-mer,0.03509650908515005
457,2022,2,Régions et Départements d'outre-mer,-0.015365406836601259
458,2022,3,Régions et Départements d'outre-mer,-0.003520637917198477
459,2022,4,Régions et Départements d'outre-mer,-0.02142164338289687
460,2022,5,Régions et Départements d'outre-mer,0.054430150886312756
461,2022,6,Régions et Départements d'outre-mer,-0.015195188513491775
462,2022,7,Régions et Départements d'outre-mer,0.014954054263484062
463,2022,8,Régions et Départements d'outre-mer,0.03333235695633774
464,2022,9,Régions et Départements d'outre-mer,0.05858951535616175
465,2022,10,Régions et Départements d'outre-mer,0.04239185941452961
466,2022,11,Régions et Départements d'outre-mer,0.0777741123798199
467,2022,12,Régions et Départements d'outre-mer,0.026919159251516334
468,2023,1,Auvergne-Rhône-Alpes,0.1333304999812801
469,2023,2,Auvergne-Rhône-Alpes,0.05840042651707278
470,2023,3,Auvergne-Rhône-Alpes,0.04510042987479457
471,2023,4,Auvergne-Rhône-Alpes,0.024331730938772056
472,2023,5,Auvergne-Rhône-Alpes,0.00029029606550357023
473,2023,6,Auvergne-Rhône-Alpes,0.08909580952615337
474,2023,7,Auvergne-Rhône-Alpes,0.06650935452628448
475,2023,8,Auvergne-Rhône-Alpes,0.06257146939468461
476,2023,9,Auvergne-Rhône-Alpes,0.020475753958514087
477,2023,10,Auvergne-Rhône-Alpes,0.08275269653188544
478,2023,11,Auvergne-Rhône-Alpes,0.06780365227533292
479,2023,12,Auvergne-Rhône-Alpes,0.040745701025883374
480,2023,1,Bourgogne-Franche-Comté,0.1032802934162369
481,2023,2,Bourgogne-Franche-Comté,0.07098782136417325
482,2023,3,Bourgogne-Franche-Comté,0.04206907700751006
483,2023,4,Bourgogne-Franche-Comté,0.020727425786218223
484,2023,5,Bourgogne-Franche-Comté,-0.000530050778968949
485,2023,6,Bourgogne-Franche-Comté,0.08497287407729681
486,2023,7,Bourgogne-Franche-Comté,0.06054300251155831
487,2023,8,Bourgogne-Franche-Comté,0.05910008810931333
488,2023,9,Bourgogne-Franche-Comté,0.020926184072294962
489,2023,10,Bourgogne-Franche-Comté,0.08158944801878731
490,2023,11,Bourgogne-Franche-Comté,0.07803494265642263
491,2023,12,Bourgogne-Franche-Comté,0.05183717769544738
492,2023,1,Bretagne,0.09486312178093126
493,2023,2,Bretagne,0.07997498023834404
494,2023,3,Bretagne,0.05077172702231625
495,2023,4,Bretagne,0.016689230227286966
496,2023,5,Bretagne,-0.012377675399421695
497,2023,6,Bretagne,0.08292115622131768
498,2023,7,Bretagne,0.0699378572393281
499,2023,8,Bretagne,0.07170711136320373
500,2023,9,Bretagne,0.022211788343546424
501,2023,10,Bretagne,0.08007412111267587
502,2023,11,Bretagne,0.062117406015288035
503,2023,12,Bretagne,0.05642009849122376
504,2023,1,Centre-Val-de-Loire,0.11263135028270477
505,2023,2,Centre-Val-de-Loire,0.07386946834459929
506,2023,3,Centre-Val-de-Loire,0.047105032847502226
507,2023,4,Centre-Val-de-Loire,0.01668375213513107
508,2023,5,Centre-Val-de-Loire,0.0026313841589820086
509,2023,6,Centre-Val-de-Loire,0.08396062676172233
510,2023,7,Centre-Val-de-Loire,0.06973661907463358
511,2023,8,Centre-Val-de-Loire,0.08581831204856072
512,2023,9,Centre-Val-de-Loire,0.02972358844631473
513,2023,10,Centre-Val-de-Loire,0.08281842033193354
514,2023,11,Centre-Val-de-Loire,0.07040406731981186
515,2023,12,Centre-Val-de-Loire,0.0547674188184204
516,2023,1,Grand Est,0.09169930909544766
517,2023,2,Grand Est,0.08043094226546588
518,2023,3,Grand Est,0.0466002412940858
519,2023,4,Grand Est,0.011374438101146467
520,2023,5,Grand Est,0.002564632421448332
521,2023,6,Grand Est,0.07844368352372166
522,2023,7,Grand Est,0.07026302386995487
523,2023,8,Grand Est,0.05360299287249992
524,2023,9,Grand Est,0.030304246488633835
525,2023,10,Grand Est,0.07287154455765732
526,2023,11,Grand Est,0.07415280709516603
527,2023,12,Grand Est,0.0496753466533526
528,2023,1,Hauts-de-France,0.0929876735670796
529,2023,2,Hauts-de-France,0.0743520675266518
530,2023,3,Hauts-de-France,0.04285415225567801
531,2023,4,Hauts-de-France,0.019092355162337427
532,2023,5,Hauts-de-France,0.006641724569913965
533,2023,6,Hauts-de-France,0.07685078218897323
534,2023,7,Hauts-de-France,0.06867766736823944
535,2023,8,Hauts-de-France,0.06522467953705902
536,2023,9,Hauts-de-France,0.02046682245110354
537,2023,10,Hauts-de-France,0.0718126572029234
538,2023,11,Hauts-de-France,0.06049190144161454
539,2023,12,Hauts-de-France,0.049891261945771204
540,2023,1,Ile-de-France,0.1042216469630235
541,2023,2,Ile-de-France,0.05367200888932211
542,2023,3,Ile-de-France,0.04176083435584155
543,2023,4,Ile-de-France,0.013712083225949856
544,2023,5,Ile-de-France,0.014994589956263793
545,2023,6,Ile-de-France,0.0776544521669702
546,2023,7,Ile-de-France,0.07287738415340539
547,2023,8,Ile-de-France,0.06900828357591182
548,2023,9,Ile-de-France,0.030707882952206278
549,2023,10,Ile-de-France,0.0916820859879326
550,2023,11,Ile-de-France,0.06280458251454024
551,2023,12,Ile-de-France,0.04352865353996305
552,2023,1,Normandie,0.1034715941889155
553,2023,2,Normandie,0.06329553910068886
554,2023,3,Normandie,0.04292155511526796
555,2023,4,Normandie,0.015418174636836257
556,2023,5,Normandie,0.007006215487158629
557,2023,6,Normandie,0.08186645964261463
558,2023,7,Normandie,0.08212367460243741
559,2023,8,Normandie,0.06823816222948809
560,2023,9,Normandie,0.024016513033058073
561,2023,10,Normandie,0.07837011949332573
562,2023,11,Normandie,0.07758998496370206
563,2023,12,Normandie,0.06907737688716264
564,2023,1,Nouvelle-Aquitaine,0.10472379428098955
565,2023,2,Nouvelle-Aquitaine,0.07553802160367229
566,2023,3,Nouvelle-Aquitaine,0.04857884826995429
567,2023,4,Nouvelle-Aquitaine,0.02309949497595265
568,2023,5,Nouvelle-Aquitaine,0.0029227009865904208
569,2023,6,Nouvelle-Aquitaine,0.08847007900708959
570,2023,7,Nouvelle-Aquitaine,0.07617351990149768
571,2023,8,Nouvelle-Aquitaine,0.05611549672910843
572,2023,9,Nouvelle-Aquitaine,0.0249298375868805
573,2023,10,Nouvelle-Aquitaine,0.0839458328356657
574,2023,11,Nouvelle-Aquitaine,0.08624769405726385
575,2023,12,Nouvelle-Aquitaine,0.0460707545292649
576,2023,1,Occitanie,0.10508412033064896
577,2023,2,Occitanie,0.0639712099255374
578,2023,3,Occitanie,0.05006603446682578
579,2023,4,Occitanie,0.02932572154464852
580,2023,5,Occitanie,-0.0009940942685737753
581,2023,6,Occitanie,0.07855847441908104
582,2023,7,Occitanie,0.062406702107211665
583,2023,8,Occitanie,0.04883030191998827
584,2023,9,Occitanie,0.021310791625444025
585,2023,10,Occitanie,0.07015353596221274
586,2023,11,Occitanie,0.06544937007046658
587,2023,12,Occitanie,0.043679766761390404
588,2023,1,Pays de la Loire,0.1076889972638635
589,2023,2,Pays de la Loire,0.08383070341169141
590,2023,3,Pays de la Loire,0.05348375764588731
591,2023,4,Pays de la Loire,0.026017062469156693
592,2023,5,Pays de la Loire,0.011160362493176201
593,2023,6,Pays de la Loire,0.0911989694739781
594,2023,7,Pays de la Loire,0.07684182828244257
595,2023,8,Pays de la Loire,0.07388944797854968
596,2023,9,Pays de la Loire,0.025005135579085902
597,2023,10,Pays de la Loire,0.07754119200712029
598,2023,11,Pays de la Loire,0.0748902084748444
599,2023,12,Pays de la Loire,0.04438286447957385
600,2023,1,Provence-Alpes-Côte d'Azur et Corse,0.1030896556427836
601,2023,2,Provence-Alpes-Côte d'Azur et Corse,0.06215070565653935
602,2023,3,Provence-Alpes-Côte d'Azur et Corse,0.04195719553863797
603,2023,4,Provence-Alpes-Côte d'Azur et Corse,0.014682946813086684
604,2023,5,Provence-Alpes-Côte d'Azur et Corse,-0.0003744060333643606
605,2023,6,Provence-Alpes-Côte d'Azur et Corse,0.07124421023557548
606,2023,7,Provence-Alpes-Côte d'Azur et Corse,0.06364093480765876
607,2023,8,Provence-Alpes-Côte d'Azur et Corse,0.05449421084344608
608,2023,9,Provence-Alpes-Côte d'Azur et Corse,0.029883256973179506
609,2023,10,Provence-Alpes-Côte d'Azur et Corse,0.06815137944591809
610,2023,11,Provence-Alpes-Côte d'Azur et Corse,0.06483822356717983
611,2023,12,Provence-Alpes-Côte d'Azur et Corse,0.03542818442187956
612,2023,1,Régions et Départements d'outre-mer,0.06181918881133264
613,2023,2,Régions et Départements d'outre-mer,0.07659692593407841
614,2023,3,Régions et Départements d'outre-mer,0.07366425953814715
615,2023,4,Régions et Départements d'outre-mer,0.036916186146791485
616,2023,5,Régions et Départements d'outre-mer,0.003963333792994739
617,2023,6,Régions et Départements d'outre-mer,0.057668625340883795
618,2023,7,Régions et Départements d'outre-mer,0.05126963400399043
619,2023,8,Régions et Départements d'outre-mer,0.07035194705748427
620,2023,9,Régions et Départements d'outre-mer,0.045200767271167175
621,2023,10,Régions et Départements d'outre-mer,0.04812320007059823
622,2023,11,Régions et Départements d'outre-mer,0.06779195572294161
623,2023,12,Régions et Départements d'outre-mer,0.039968320238843
624,2024,1,Auvergne-Rhône-Alpes,0.03253702998829522
625,2024,2,Auvergne-Rhône-Alpes,0.10622973414642467
626,2024,3,Auvergne-Rhône-Alpes,-0.026358832745606686
627,2024,4,Auvergne-Rhône-Alpes,0.11563123010421306
628,2024,5,Auvergne-Rhône-Alpes,0.016547351371083208
629,2024,6,Auvergne-Rhône-Alpes,-0.04057759647234105
630,2024,7,Auvergne-Rhône-Alpes,0.127429264215823
631,2024,8,Auvergne-Rhône-Alpes,-0.023941586843090112
632,2024,9,Auvergne-Rhône-Alpes,0.015653500458891578
633,2024,10,Auvergne-Rhône-Alpes,0.01345200658631196
634,2024,11,Auvergne-Rhône-Alpes,-0.13995742214088136
635,2024,12,Auvergne-Rhône-Alpes,-0.29812148186719256
636,2024,1,Bourgogne-Franche-Comté,0.0522959104825389
637,2024,2,Bourgogne-Franche-Comté,0.10327712698338076
638,2024,3,Bourgogne-Franche-Comté,-0.013440538578424088
639,2024,4,Bourgogne-Franche-Comté,0.11520699846258853
640,2024,5,Bourgogne-Franche-Comté,0.029193158552051734
641,2024,6,Bourgogne-Franche-Comté,-0.033489428153036016
642,2024,7,Bourgogne-Franche-Comté,0.11528186985978306
643,2024,8,Bourgogne-Franche-Comté,-0.01387034840951995
644,2024,9,Bourgogne-Franche-Comté,0.01455236353892575
645,2024,10,Bourgogne-Franche-Comté,0.026710480634732692
646,2024,11,Bourgogne-Franche-Comté,-0.14947948623327856
647,2024,12,Bourgogne-Franche-Comté,-0.29018568235506925
648,2024,1,Bretagne,0.048185682903463256
649,2024,2,Bretagne,0.13626108567940753
650,2024,3,Bretagne,-0.037482012408403764
651,2024,4,Bretagne,0.1502000716578893
652,2024,5,Bretagne,0.019879864473531406
653,2024,6,Bretagne,-0.028964031793416334
654,2024,7,Bretagne,0.12809844344486332
655,2024,8,Bretagne,-0.016812756196694756
656,2024,9,Bretagne,0.019532607324925566
657,2024,10,Bretagne,0.0205648482801275
658,2024,11,Bretagne,-0.1157460188771875
659,2024,12,Bretagne,-0.2813953844613786
660,2024,1,Centre-Val-de-Loire,0.04849115502703172
661,2024,2,Centre-Val-de-Loire,0.12399829753206992
662,2024,3,Centre-Val-de-Loire,-0.028506183476252667
663,2024,4,Centre-Val-de-Loire,0.144158576350911
664,2024,5,Centre-Val-de-Loire,0.02523279723760896
665,2024,6,Centre-Val-de-Loire,-0.019096510759289198
666,2024,7,Centre-Val-de-Loire,0.1243300262821061
667,2024,8,Centre-Val-de-Loire,-0.019761944796229947
668,2024,9,Centre-Val-de-Loire,0.020660644779166848
669,2024,10,Centre-Val-de-Loire,0.024371945010905893
670,2024,11,Centre-Val-de-Loire,-0.13476341961651495
671,2024,12,Centre-Val-de-Loire,-0.28537990736603225
672,2024,1,Grand Est,0.033820085427519686
673,2024,2,Grand Est,0.13245697032187542
674,2024,3,Grand Est,-0.05253882259638387
675,2024,4,Grand Est,0.15920182180501907
676,2024,5,Grand Est,0.01901376853351433
677,2024,6,Grand Est,-0.016595728347075456
678,2024,7,Grand Est,0.11041449407098414
679,2024,8,Grand Est,-0.0008932949659901102
680,2024,9,Grand Est,0.010402485149985763
681,2024,10,Grand Est,-0.001984148225111948
682,2024,11,Grand Est,-0.1741903863940123
683,2024,12,Grand Est,-0.3680158388057083
684,2024,1,Hauts-de-France,0.02201247590956612
685,2024,2,Hauts-de-France,0.12851770556614617
686,2024,3,Hauts-de-France,-0.042136993964713265
687,2024,4,Hauts-de-France,0.13722476109710136
688,2024,5,Hauts-de-France,0.013730205304989695
689,2024,6,Hauts-de-France,-0.02838200508441724
690,2024,7,Hauts-de-France,0.11542974623927815
691,2024,8,Hauts-de-France,-0.014932047082774846
692,2024,9,Hauts-de-France,0.021329641845433622
693,2024,10,Hauts-de-France,0.028131670936645703
694,2024,11,Hauts-de-France,-0.12229176427032629
695,2024,12,Hauts-de-France,-0.2950265200228863
696,2024,1,Ile-de-France,0.04440832936637884
697,2024,2,Ile-de-France,0.06116960973915542
698,2024,3,Ile-de-France,0.009580519540009158
699,2024,4,Ile-de-France,0.07532407545840836
700,2024,5,Ile-de-France,0.052304200184257965
701,2024,6,Ile-de-France,-0.03295121200382989
702,2024,7,Ile-de-France,0.10028998086430119
703,2024,8,Ile-de-France,-0.04490168051712806
704,2024,9,Ile-de-France,0.016244147663802
705,2024,10,Ile-de-France,0.010680061629912752
706,2024,11,Ile-de-France,-0.12303919996946322
707,2024,12,Ile-de-France,-0.26700838115897485
708,2024,1,Normandie,0.03798408521583507
709,2024,2,Normandie,0.1427184652641662
710,2024,3,Normandie,-0.028898490888034645
711,2024,4,Normandie,0.15200928086129362
712,2024,5,Normandie,0.020585299170425397
713,2024,6,Normandie,-0.02671573276347916
714,2024,7,Normandie,0.1206339950560189
715,2024,8,Normandie,-0.020005028661361002
716,2024,9,Normandie,0.025067436698164913
717,2024,10,Normandie,0.028270046153022088
718,2024,11,Normandie,-0.14276464107396325
719,2024,12,Normandie,-0.28786331871133053
720,2024,1,Nouvelle-Aquitaine,0.05565426671654583
721,2024,2,Nouvelle-Aquitaine,0.10767492496948172
722,2024,3,Nouvelle-Aquitaine,-0.013065742120655366
723,2024,4,Nouvelle-Aquitaine,0.1204105286773407
724,2024,5,Nouvelle-Aquitaine,0.03631836135009925
725,2024,6,Nouvelle-Aquitaine,-0.02964564167832373
726,2024,7,Nouvelle-Aquitaine,0.13013712768042596
727,2024,8,Nouvelle-Aquitaine,-0.010182500745870904
728,2024,9,Nouvelle-Aquitaine,0.022476268632302787
729,2024,10,Nouvelle-Aquitaine,0.016839380253644398
730,2024,11,Nouvelle-Aquitaine,-0.1523042445271685
731,2024,12,Nouvelle-Aquitaine,-0.2949656829562207
732,2024,1,Occitanie,0.030566941734794684
733,2024,2,Occitanie,0.05481471188486231
734,2024,3,Occitanie,-0.0037261782318593895
735,2024,4,Occitanie,0.06917099542775595
736,2024,5,Occitanie,0.038028182758628404
737,2024,6,Occitanie,-0.040573277624922466
738,2024,7,Occitanie,0.1144212251540484
739,2024,8,Occitanie,-0.03666730889823877
740,2024,9,Occitanie,0.0024127408255272265
741,2024,10,Occitanie,-0.0006030624733190937
742,2024,11,Occitanie,-0.16849598539680277
743,2024,12,Occitanie,-0.31593127408048816
744,2024,1,Pays de la Loire,0.044591406676059764
745,2024,2,Pays de la Loire,0.14224582475713832
746,2024,3,Pays de la Loire,-0.041923943166814026
747,2024,4,Pays de la Loire,0.14521728500369058
748,2024,5,Pays de la Loire,0.018332520839874578
749,2024,6,Pays de la Loire,-0.026427966485607635
750,2024,7,Pays de la Loire,0.14329956465102756
751,2024,8,Pays de la Loire,0.003126047535051635
752,2024,9,Pays de la Loire,0.014853282619089914
753,2024,10,Pays de la Loire,-0.005729439503472156
754,2024,11,Pays de la Loire,-0.15008519691279631
755,2024,12,Pays de la Loire,-0.29244666374381845
756,2024,1,Provence-Alpes-Côte d'Azur et Corse,0.022512893954445
757,2024,2,Provence-Alpes-Côte d'Azur et Corse,0.10943225586471339
758,2024,3,Provence-Alpes-Côte d'Azur et Corse,-0.06688725382139138
759,2024,4,Provence-Alpes-Côte d'Azur et Corse,0.11934289353304717
760,2024,5,Provence-Alpes-Côte d'Azur et Corse,-0.01713363267120671
761,2024,6,Provence-Alpes-Côte d'Azur et Corse,-0.05405299335940894
762,2024,7,Provence-Alpes-Côte d'Azur et Corse,0.10579392202134774
763,2024,8,Provence-Alpes-Côte d'Azur et Corse,-0.05148011586224588
764,2024,9,Provence-Alpes-Côte d'Azur et Corse,-0.00784986240660146
765,2024,10,Provence-Alpes-Côte d'Azur et Corse,-0.001014802321113173
766,2024,11,Provence-Alpes-Côte d'Azur et Corse,-0.16018476607541055
767,2024,12,Provence-Alpes-Côte d'Azur et Corse,-0.3043920151729037
768,2024,1,Régions et Départements d'outre-mer,0.013218192083120028
769,2024,2,Régions et Départements d'outre-mer,0.06702157073751813
770,2024,3,Régions et Départements d'outre-mer,-0.028650078072495977
771,2024,4,Régions et Départements d'outre-mer,0.09246377965793773
772,2024,5,Régions et Départements d'outre-mer,-0.012648718411209403
773,2024,6,Régions et Départements d'outre-mer,-0.04400325514853898
774,2024,7,Régions et Départements d'outre-mer,0.06693067568507316
775,2024,8,Régions et Départements d'outre-mer,-0.0439365195678294
776,2024,9,Régions et Départements d'outre-mer,-0.04564024853193893
777,2024,10,Régions et Départements d'outre-mer,-0.03564751017123324
778,2024,11,Régions et Départements d'outre-mer,-0.1910104079265864
779,2024,12,Régions et Départements d'outre-mer,-0.3698395534872988
