FLX_ANN_MOI,AGE_BEN_SNDS,BEN_SEX_COD,RAC,FLT_PAI_MNT
201901,0,0,24.689999999999984,2100.38
201901,0,1,215508496.51,610376636.18
201901,0,2,227905497.83,565938981.07
201901,20,1,78109351.02,244260462.88
201901,20,2,128072849.81,390239321.48
201901,30,1,110831085.39,348727988.35
201901,30,2,179495915.05,574408496.07
201901,40,1,164760361.99,516086072.8
201901,40,2,222688418.02,649032021.04
201901,50,1,221171526.12,793158585.55
201901,50,2,270115842.35,864819908.16
201901,60,1,226604811.85,1132644540.42
201901,60,2,266708015.14,984983099.0
201901,70,1,182320003.48,951658373.81
201901,70,2,226193726.51,943491775.92
201901,80,1,124995411.4,747058027.6
201901,80,2,232278431.19,1181533824.69
201901,99,0,30318.640000000003,867308.82
201901,99,1,315356.26,2356130.68
201901,99,2,334350.37,1866817.59
201902,0,0,157.47999999999996,928.62
201902,0,1,200687783.15,571215936.52
201902,0,2,210277802.27,531895017.14
201902,20,1,73200228.25,223576062.25
201902,20,2,121867505.69,361666018.8
201902,30,1,104573341.98,321342954.73
201902,30,2,172454825.67,537145300.06
201902,40,1,156693287.42,476751967.51
201902,40,2,218211992.28,618086628.21
201902,50,1,211332837.01,731073165.55
201902,50,2,267621884.32,823694859.46
201902,60,1,218164028.08,1028273889.73
201902,60,2,266589703.39000002,934641121.79
201902,70,1,176051313.34,873002473.05
201902,70,2,223286518.83,890739120.02
201902,80,0,183.48000000000002,478.37
201902,80,1,114540155.87,668574822.08
201902,80,2,211898477.23,1064378812.03
201902,99,0,19477.67,7972430.75
201902,99,1,309533.8,3035601.12
201902,99,2,339337.52,1995911.4
201903,0,0,67.39,7415.14
201903,0,1,213760732.18,586271262.84
201903,0,2,226916610.55,550835577.76
201903,20,1,76577736.82,233758264.68
201903,20,2,128002622.72,376700202.91
201903,30,1,111645291.75,339311906.56
201903,30,2,184303851.12,563844196.01
201903,40,1,168270290.75,501946051.36
201903,40,2,235519467.07,653244709.2
201903,50,1,225824583.19,768947119.31
201903,50,2,289762667.79,870219282.17
201903,60,1,232688249.63,1054126078.85
201903,60,2,284692020.55,981061653.92
201903,70,0,0.0,66.76
201903,70,1,186864615.98,916391815.7
201903,70,2,239095505.32,932948496.03
201903,80,0,575.1400000000001,1913.48
201903,80,1,123637653.88,699262380.86
201903,80,2,230194754.65,1116613823.82
201903,99,0,9792.449999999999,74995818.52
201903,99,1,470663.19,3868036.95
201903,99,2,326662.7,2926632.68
201904,0,0,4548.5700000000015,22581.530000000002
201904,0,1,218712331.63,609710215.15
201904,0,2,230480997.81,568865908.75
201904,0,9,1012.3699999999999,7229.27
201904,20,1,80380989.51,246789218.72
201904,20,2,132971530.88,396857185.22
201904,20,9,490.26,13923.11
201904,30,1,113026637.24,352706922.16
201904,30,2,189528414.14,593513384.17
201904,30,9,864.5999999999999,4232.12
201904,40,1,167641790.13,516170693.73
201904,40,2,237172681.13,679666679.76
201904,40,9,0.0,219.22000000000003
201904,50,1,226482601.3,801493048.64
201904,50,2,292073186.12,907246369.32
201904,50,9,209.76,882.97
201904,60,1,235307500.03,1138858696.81
201904,60,2,292377358.2,1039644115.03
201904,60,9,582.07,2685.5299999999997
201904,70,1,195572497.72,989267483.59
201904,70,2,254121799.08,1011777123.23
201904,70,9,283.39,1256.99
201904,80,0,924.2,2398.65
201904,80,1,128845815.62,751141782.52
201904,80,2,240390310.3,1190317249.42
201904,80,9,200.23999999999998,925.23
201904,99,0,3781.9999999999995,697376823.27
201904,99,1,303633.88,30379809.509999998
201904,99,2,335544.21,13151866.57
201905,0,0,301.28999999999996,941.09
201905,0,1,206976713.94,571154875.83
201905,0,2,220578856.54,536315094.52
201905,20,1,77117163.55,236287606.11
201905,20,2,128168547.3,383584163.07
201905,30,0,51.74000000000004,912.69
201905,30,1,110591998.0,339749937.01
201905,30,2,184015974.05,576417849.45
201905,40,1,163261454.62,501587257.14
201905,40,2,229054789.35,656604374.21
201905,50,1,219157476.72,770740253.44
201905,50,2,279818046.48,870013042.44
201905,60,1,227643832.92,1170154305.63
201905,60,2,281328139.13,1002103141.02
201905,70,1,188401813.41,949378699.37
201905,70,2,243790772.73,971677400.04
201905,80,0,10253.300000000001,37228.58
201905,80,1,128581504.32,729922452.19
201905,80,2,240692043.88,1160735081.86
201905,99,0,6239.32,146455460.7
201905,99,1,307074.42,12770235.32
201905,99,2,318717.07,11383247.65
201906,0,0,0.0,6072.67
201906,0,1,202240207.12,566255076.97
201906,0,2,210563893.04,518616033.48
201906,20,1,73537355.49,227591327.99
201906,20,2,120171921.86,362870668.82
201906,30,1,104423709.26,324134372.5
201906,30,2,172886851.71,542648329.26
201906,40,1,154360989.62,478310349.2
201906,40,2,216078403.7,620944870.65
201906,50,1,208394829.49,734601923.61
201906,50,2,266511053.53,828231477.99
201906,60,0,288.09000000000003,823.14
201906,60,1,218321293.79,1087474835.18
201906,60,2,270180589.31,956394911.51
201906,70,1,182083962.38,919440900.2
201906,70,2,236446101.7,938389922.61
201906,80,0,1537.1200000000001,5534.5599999999995
201906,80,1,124570180.58,705254547.51
201906,80,2,233533414.62,1119467116.62
201906,99,0,11039.720000000001,204766949.41
201906,99,1,300180.6,11502336.56
201906,99,2,306688.74,10635137.35
201907,0,0,28.099999999999966,5097.94
201907,0,1,218468081.9,625323062.52
201907,0,2,225796768.89,566875130.85
201907,20,1,86526904.46,259542352.17
201907,20,2,137489797.7,407762444.81
201907,30,1,121735198.67,364263247.61
201907,30,2,194166369.07,596995168.44
201907,40,1,179515467.21,533790154.15
201907,40,2,246259849.16,688956289.72
201907,50,1,244243730.49,825034158.84
201907,50,2,308938528.83,924807439.33
201907,60,1,245741296.6,1150516695.58
201907,60,2,298530070.66,1033569251.04
201907,70,1,200645999.59,1000780983.52
201907,70,2,257391207.74,1008441046.16
201907,80,0,6857.05,22206.57
201907,80,1,135828660.6,773711862.49
201907,80,2,252786505.42,1225843433.24
201907,99,0,29266.05,53379877.68
201907,99,1,324267.85,7664535.05
201907,99,2,327560.87,3393131.3
201908,0,0,1043.26,2858.13
201908,0,1,140643304.47,389253774.13
201908,0,2,146723850.67,368090897.69
201908,20,1,63812128.76,199498792.7
201908,20,2,102362687.03,320204145.71
201908,30,1,84297290.83,281083520.64
201908,30,2,134834227.96,454898483.33
201908,40,1,118789324.78,400264753.44
201908,40,2,161278719.56,501451632.89
201908,50,1,160529461.45,628292004.3
201908,50,2,200395759.53,689228836.95
201908,60,0,20.0,22.22
201908,60,1,161361543.32,911853026.76
201908,60,2,191406947.97,785277877.66
201908,70,1,135154339.12,807369319.42
201908,70,2,169639134.91,790094025.16
201908,80,0,34179.8,102557.1
201908,80,1,100421122.07,651685646.26
201908,80,2,190321479.75,1037211685.23
201908,99,0,48786.97,8820810.23
201908,99,1,226409.97999999998,2035473.02
201908,99,2,210993.27,2136623.85
201909,0,0,44360.89000000001,218867.92
201909,0,1,214422824.18,541711456.09
201909,0,2,225806259.76,520244806.25
201909,20,1,78554752.85,237149377.56
201909,20,2,126122017.99,376949739.73
201909,30,1,103836552.48,325040829.55
201909,30,2,167896347.74,538079393.35
201909,40,1,152500994.99,471717426.68
201909,40,2,209029251.86,601966711.57
201909,50,1,200780647.21,718306619.62
201909,50,2,249225695.08,794758645.46
201909,60,1,199440512.91,1001834452.59
201909,60,2,239904301.5,899619238.54
201909,70,0,0.0,1088.8
201909,70,1,164947660.44,886865258.17
201909,70,2,210817268.38,895428168.05
201909,80,0,19314.59,54328.35
201909,80,1,115433495.58,700836126.26
201909,80,2,217452622.76,1116977292.01
201909,99,0,7521.99,188806432.03
201909,99,1,238469.99,8504194.04
201909,99,2,236221.04,11718931.04
201910,0,0,1519.53,8631.33
201910,0,1,239199689.69,662593759.23
201910,0,2,249606552.51,615501260.06
201910,20,1,87542557.66,265538612.89
201910,20,2,144742846.87,429636393.54
201910,30,1,123609469.88,378516126.8
201910,30,2,203088116.55,638791358.01
201910,40,1,185475946.35,555466395.8
201910,40,2,256964545.86,723993881.0
201910,50,1,249993616.18,855156596.78
201910,50,2,315386083.67,964678510.0
201910,60,0,263.03,751.52
201910,60,1,257883015.59,1191299651.89
201910,60,2,313831027.31,1106619704.15
201910,70,1,213585577.66,1063569522.09
201910,70,2,273559555.27,1088394003.93
201910,80,0,3562.35,11520.17
201910,80,1,141487721.27,810806268.37
201910,80,2,261926395.69,1286590660.16
201910,99,0,5544.87,5584112.15
201910,99,1,303661.33999999997,2459525.83
201910,99,2,322477.19,1929063.19
201911,0,0,8878.74,43708.62
201911,0,1,210541269.71,566954476.95
201911,0,2,221625730.55,533244197.24
201911,20,1,74167828.56,226900672.51
201911,20,2,122591640.27,365379488.96
201911,30,1,104564282.76,325624473.92
201911,30,2,172951761.89,545258084.98
201911,40,1,156393558.81,478209930.86
201911,40,2,219024256.41,623310297.17
201911,50,1,211184328.13,740165737.23
201911,50,2,266937852.19,832999156.66
201911,60,0,0.0,0.98
201911,60,1,222616676.66,1056214633.91
201911,60,2,269550385.57,967580347.73
201911,70,1,187653089.95,947224027.16
201911,70,2,239019499.26,959974192.57
201911,80,0,3393.6299999999997,13346.86
201911,80,1,124449083.9,714152363.31
201911,80,2,229925734.5,1122772126.4
201911,99,0,27269.83,181280487.85
201911,99,1,280310.42,15557447.36
201911,99,2,288472.64,13651692.309999999
201912,0,0,6949.55,36033.55
201912,0,1,234684350.86,655531599.59
201912,0,2,243226894.2,600104096.6
201912,20,1,85439723.8,251007331.69
201912,20,2,137892234.23,399159156.76
201912,30,0,2141.95,2141.95
201912,30,1,122057949.9,363474261.32
201912,30,2,196481502.27,596741074.44
201912,40,0,4.2700000000000005,12.21
201912,40,1,186013017.18,536503631.07
201912,40,2,251821634.48,686252800.73
201912,50,1,254374215.28,828023572.49
201912,50,2,313279891.16,923347774.38
201912,60,0,1.0599999999999987,9.53
201912,60,1,257132504.19,1271979129.4
201912,60,2,307502619.1,1055683276.65
201912,70,1,210483122.92,1030893085.21
201912,70,2,262334112.81,1030193348.0
201912,80,1,136367029.86,771580492.9
201912,80,2,248876543.91,1209872763.41
201912,99,0,7689.49,13660466.540000001
201912,99,1,320628.08,2929032.53
201912,99,2,312293.76,1879539.8
202001,0,0,127.94,1563.6100000000001
202001,0,1,209370783.02,580377985.09
202001,0,2,218350231.91,543953610.9
202001,20,1,75688150.29,240431580.25
202001,20,2,123791465.05,387626522.09
202001,30,1,105742140.83,343243806.25
202001,30,2,172194856.23,570112503.62
202001,40,0,13.44,38.56
202001,40,1,149186255.44,488920567.17
202001,40,2,203901995.4,626426637.87
202001,50,1,199227502.33,761164352.45
202001,50,2,245440994.32,833990515.56
202001,60,1,209348994.97,1088762049.77
202001,60,2,246855412.95,963747316.18
202001,70,1,180480499.68,989029654.17
202001,70,2,222386800.8,971632377.33
202001,80,0,329.33000000000004,849.06
202001,80,1,123829754.07,760344678.0
202001,80,2,226725125.43,1185206674.28
202001,99,0,0.0,441884.44
202001,99,1,318626.46,2315830.3
202001,99,2,336794.92,1943192.6
202002,0,0,39.52,277.1
202002,0,1,205791412.51,566677193.92
202002,0,2,213781936.97,529547174.59
202002,20,1,75241996.66,228968996.22
202002,20,2,123067368.5,366488925.37
202002,30,1,105820232.94,327827034.28
202002,30,2,173607926.58,546103094.62
202002,40,1,155753057.47,475108370.81
202002,40,2,215637923.9,620196179.17
202002,50,1,211629246.3,735455254.62
202002,50,2,266031833.81,832145858.05
202002,60,1,224486750.14,1052562813.02
202002,60,2,272136974.39,954944255.98
202002,70,1,191409705.18,948692993.14
202002,70,2,242239937.26,958638592.26
202002,80,1,122088255.21,706758539.78
202002,80,2,220825947.94,1102947752.62
202002,99,0,686.53,2996146.41
202002,99,1,258535.31,2178688.47
202002,99,2,304398.53,1804465.93
202003,0,0,513.9499999999999,2975.94
202003,0,1,176597930.08,498115884.56
202003,0,2,184718099.58,464677441.57
202003,20,1,68349607.92,225062197.69
202003,20,2,112990511.8,354977771.12
202003,30,1,95751608.33,324878600.47
202003,30,2,157520734.34,532698580.4
202003,40,1,141358300.59,474486578.66
202003,40,2,196519897.4,607729536.94
202003,50,1,193105272.43,744494841.42
202003,50,2,240631462.93,816159207.69
202003,60,1,202104280.34,1066940434.12
202003,60,2,240715802.41,938355116.04
202003,70,1,173643287.51,968743689.76
202003,70,2,217526160.71,946932707.3
202003,80,0,401.85999999999996,1445.31
202003,80,1,114255076.07000001,729089376.86
202003,80,2,209657368.59,1125782472.63
202003,99,0,1214.32,282931595.79
202003,99,1,257696.22,13868916.48
202003,99,2,300977.51,11902118.73
202004,0,0,648.66,4402.679999999999
202004,0,1,64021326.9,253923110.33
202004,0,2,64804387.65,218035022.44
202004,20,1,30657510.64,135879053.79
202004,20,2,54542667.87,229317510.83
202004,30,1,42873510.68,207994391.31
202004,30,2,75708524.97,363710049.69
202004,40,1,58608697.09,297855069.29
202004,40,2,77089668.31,364017544.94
202004,50,1,79473372.73,483471801.11
202004,50,2,91447379.99,483619036.45
202004,60,1,89627881.34,944809886.3
202004,60,2,95329805.6,580605831.07
202004,70,1,82647100.84,697366353.51
202004,70,2,97687786.93,623802881.54
202004,80,0,8.219999999999999,159.44
202004,80,1,65269346.13,559971017.19
202004,80,2,129336232.92,853020818.18
202004,99,0,1266.6399999999999,580035747.6899999
202004,99,1,161734.51,32100734.34
202004,99,2,154038.12,39047441.15
202005,0,0,0.0,573.06
202005,0,1,123190306.25,342083972.72
202005,0,2,135159590.44,327247848.23
202005,0,9,332.78999999999996,820.59
202005,20,1,41142472.21,149861361.66
202005,20,2,72251487.47,259782187.97
202005,30,1,60116961.3,234398462.81
202005,30,2,100321592.27,411215023.69
202005,30,9,116.06,270.34
202005,40,1,87849771.04,343645618.56
202005,40,2,116699280.07,433943737.89
202005,40,9,80.21999999999998,199.87
202005,50,1,121620202.44,543617117.11
202005,50,2,144513671.91,567793555.27
202005,50,9,13.020000000000003,53.46
202005,60,1,132487377.15,1433803290.11
202005,60,2,148643890.15,664291870.52
202005,70,1,115391906.51,737379773.54
202005,70,2,139038911.41,688262203.1
202005,80,0,28.099999999999966,481.77
202005,80,1,82903826.9,586386837.76
202005,80,2,157470061.19,907756252.86
202005,99,0,0.0,76341185.42
202005,99,1,181244.91999999998,9835452.09
202005,99,2,175585.9,4189419.4499999997
202006,0,0,8.32,883.33
202006,0,1,215555935.03,542949415.4
202006,0,2,235516470.14,528182430.04
202006,20,0,0.0,47.25
202006,20,1,79635654.44,239846448.53
202006,20,2,130777577.87,391881898.93
202006,30,1,111744708.04,342856205.43
202006,30,2,180444826.06,581893144.98
202006,40,1,170634548.79,509744360.18
202006,40,2,234291306.55,662649867.89
202006,50,1,241541848.28,806475173.68
202006,50,2,297573392.57,885497216.59
202006,60,1,252811263.42,1635418770.83
202006,60,2,300461765.24,1017115752.6
202006,70,1,214171228.58,1044247917.93
202006,70,2,267251510.17,1029113175.2
202006,80,1,137144125.45,786219671.46
202006,80,2,252187881.83,1235749689.05
202006,99,0,0.0,183943861.74
202006,99,1,277205.99,15566959.1
202006,99,2,290952.94,14269264.3
202007,0,0,0.0,58.92
202007,0,1,207554522.66,566100346.48
202007,0,2,221167334.76,533281446.13
202007,20,1,84910451.78,251486602.15
202007,20,2,137516053.26,404542938.97
202007,30,1,118028379.82,352888662.59
202007,30,2,190199837.83,591634959.83
202007,40,1,176675534.77,517499107.68
202007,40,2,244286756.64,674995397.03
202007,50,1,248017357.1,809481085.98
202007,50,2,309927170.04,905331522.62
202007,60,1,251860874.73,1353186381.12
202007,60,2,300925376.37,1013110555.95
202007,70,1,213328372.92,1029240879.31
202007,70,2,268482182.21,1026202358.49
202007,80,0,1604.32,4865.94
202007,80,1,137412090.22,775416105.51
202007,80,2,252722855.98,1218692708.1
202007,99,0,3917.48,57943467.49
202007,99,1,286562.92,10091409.73
202007,99,2,312161.88,3234998.39
202008,0,0,165.84999999999997,476.62
202008,0,1,138559456.69,378164278.05
202008,0,2,147316688.28,364831349.09
202008,20,1,65076162.9,211968790.0
202008,20,2,104803755.56,333462600.26
202008,30,1,83349162.09,283273973.16
202008,30,2,134358956.79,461716156.61
202008,40,0,0.0,44.0
202008,40,1,120386372.04,399268708.96
202008,40,2,166438695.47,509521683.02
202008,50,0,0.0,27.0
202008,50,1,168190488.2,633696368.14
202008,50,2,207713868.01,689832693.28
202008,60,0,0.0,81.0
202008,60,1,171457337.5,1040533629.11
202008,60,2,200030867.41,786486843.48
202008,70,1,149501947.4,851048731.49
202008,70,2,184449757.93,819276092.95
202008,80,0,16024.960000000001,44643.090000000004
202008,80,1,102412539.46000001,655388095.33
202008,80,2,192203208.21,1027371166.96
202008,99,0,4632.4,706023.67
202008,99,1,215767.66,1978209.1
202008,99,2,244438.33,1635205.28
202009,0,0,21295.370000000003,105861.13
202009,0,1,225317226.98,589500009.64
202009,0,2,237305520.34,563679885.96
202009,20,1,84338195.96,273937697.41
202009,20,2,136105510.34,430481205.97
202009,30,1,114067049.93,368903077.52
202009,30,2,184783852.92,611018687.97
202009,40,0,0.0,27.0
202009,40,1,169342250.82,522433116.4
202009,40,2,233899886.8,677080697.14
202009,50,1,228897145.07,799211927.24
202009,50,2,284453792.12,891631704.74
202009,60,1,227618363.87,1151448408.36
202009,60,2,276083479.27,1005550542.19
202009,70,1,195775647.85,1030667539.16
202009,70,2,250848304.58,1032308392.46
202009,80,0,13667.52,44985.06
202009,80,1,129619665.8,779525379.11
202009,80,2,239847087.54,1228942425.08
202009,99,0,26492.039999999997,200237877.88
202009,99,1,291375.14,14106771.03
202009,99,2,329803.52,8735353.15
202010,0,0,126.84,737.59
202010,0,1,215114124.01,614746776.42
202010,0,2,223230139.92,571546955.04
202010,20,1,84697378.34,286329181.86
202010,20,2,139156527.19,446466910.43
202010,30,0,0.0,25.0
202010,30,1,119784869.67,388273914.0
202010,30,2,196288172.84,645099516.45
202010,40,1,180094887.79,551447333.46
202010,40,2,250732803.5,723606190.28
202010,50,1,250309515.45,852632778.55
202010,50,2,312198286.49,958269645.18
202010,60,1,260417946.78,1231987036.61
202010,60,2,316726282.35,1094044745.12
202010,70,1,226059326.57,1106215139.46
202010,70,2,288235978.64,1121412898.37
202010,80,0,656.98,3023.6
202010,80,1,139525653.52,803977086.77
202010,80,2,254034158.22,1255271106.94
202010,99,0,7249.84,19177248.44
202010,99,1,305474.2,3244835.95
202010,99,2,328550.07,2975900.57
202011,0,0,324.1500000000001,958.37
202011,0,1,206052420.03,585048389.08
202011,0,2,218983317.64,553037002.0
202011,20,1,77793307.32,274509936.06
202011,20,2,131204140.24,433684975.89
202011,30,0,0.0,27.0
202011,30,1,113342988.12,384171721.41
202011,30,2,190046181.68,637140550.54
202011,40,1,172117460.06,543699700.55
202011,40,2,242711193.76,717002289.18
202011,50,1,235675203.85999998,825520175.43
202011,50,2,296009850.95,932107939.11
202011,60,1,242028547.49,1300260084.77
202011,60,2,293736947.77,1047298862.48
202011,70,1,209450442.2,1057399057.02
202011,70,2,265384484.72,1061433005.49
202011,80,0,5223.94,16529.03
202011,80,1,129689721.95,769618658.5
202011,80,2,237719662.47,1209415746.28
202011,99,0,177188.94000000003,201214694.57
202011,99,1,288266.27,9599815.11
202011,99,2,310672.72,7332250.4
202012,0,0,364.71000000000004,1223.5
202012,0,1,239776077.51,671338335.69
202012,0,2,252944095.45,622885897.5
202012,20,1,90010014.71,298379289.23
202012,20,2,148013698.38,463938133.74
202012,30,0,0.0,108.0
202012,30,1,130804000.86,418567094.2
202012,30,2,211300713.03,679153946.71
202012,40,0,0.0,205.78
202012,40,1,197502390.85,598165631.61
202012,40,2,269561206.97,769324313.3
202012,50,0,0.0,27.0
202012,50,1,272102054.73,912253541.27
202012,50,2,331561828.72,1010610978.77
202012,60,0,0.0,3862.98
202012,60,1,276318910.61,1651306034.45
202012,60,2,326832903.1,1129864909.92
202012,70,1,233443000.43,1163937635.52
202012,70,2,288883854.02,1140838974.93
202012,80,0,238.21000000000004,598.62
202012,80,1,140475068.72,832716574.99
202012,80,2,254867290.98,1297542988.28
202012,99,0,73818.02,55487167.019999996
202012,99,1,281441.85,4008022.23
202012,99,2,337426.44,2059333.43
202101,0,0,309.14,627.26
202101,0,1,195658061.89,544980530.55
202101,0,2,208417823.42,520533362.18
202101,20,1,74809930.77,258935556.94
202101,20,2,123408297.9,406594674.5
202101,30,0,0.0,54.0
202101,30,1,105447268.28,358497069.35
202101,30,2,171499304.58,585573234.25
202101,40,0,0.0,81.0
202101,40,1,156321715.32,506924334.13
202101,40,2,210790512.58,646497864.82
202101,50,0,0.0,54.0
202101,50,1,211566743.13,775954534.43
202101,50,2,251503458.69,844341583.1
202101,60,0,0.0,27.0
202101,60,1,214557145.0,1143211228.49
202101,60,2,247933928.89,954321284.17
202101,70,1,186964356.09,1016772672.95
202101,70,2,225679478.54,981061450.13
202101,80,1,117602084.81,748854178.35
202101,80,2,213045277.72,1157898317.51
202101,99,0,56547.68,1877832.43
202101,99,1,275605.98,2085245.27
202101,99,2,319521.45,1862257.76
202102,0,0,482.4500000000003,2425.4100000000003
202102,0,1,197920351.35,568193660.02
202102,0,2,209928867.95,542164723.02
202102,20,1,77341757.16,257618838.65
202102,20,2,130689320.81,416582792.9
202102,30,1,111492506.84,366040640.64
202102,30,2,183823348.11,608679735.48
202102,40,0,0.0,54.0
202102,40,1,166209346.86,518176226.96
202102,40,2,229037610.96,679937007.97
202102,50,0,0.0,98.0
202102,50,1,227962869.73,793559438.99
202102,50,2,280189352.47,886988475.63
202102,60,0,0.0,27.0
202102,60,1,236832143.37,1180406549.27
202102,60,2,279517965.81,993778439.46
202102,70,1,207290929.59,1033180294.69
202102,70,2,253761616.82,1013056112.94
202102,80,1,121746678.5,727603198.64
202102,80,2,217572341.54,1134211239.81
202102,99,0,1208.22,19865121.93
202102,99,1,322415.63,3328163.05
202102,99,2,323760.4,2139094.43
202103,0,0,24.0,62.39
202103,0,1,226910662.27,651343090.27
202103,0,2,245821152.39,627299062.62
202103,20,1,87065462.52,296250205.51
202103,20,2,147000167.07,465822815.29
202103,30,0,0.0,180.72
202103,30,1,125212044.93,412076636.38
202103,30,2,206969097.96,677279078.76
202103,40,0,0.0,81.0
202103,40,1,187025207.03,580411227.73
202103,40,2,263031390.38,768441991.13
202103,50,0,0.0,284.12
202103,50,1,255902397.58,882498335.2
202103,50,2,320921613.15,1001036650.84
202103,60,0,0.0,14785.490000000002
202103,60,1,264559474.75,1269867528.68
202103,60,2,316640224.51,1112978572.46
202103,70,0,0.0,130.04
202103,70,1,233622369.55,1130006850.69
202103,70,2,284847491.63,1120169840.84
202103,80,0,0.0,44.06
202103,80,1,139808495.99,798010450.88
202103,80,2,249225500.96,1258984958.1
202103,99,0,46816.229999999996,263744670.05
202103,99,1,337797.28,11502452.03
202103,99,2,364414.15,11428992.0
202104,0,0,541.0,802.0
202104,0,1,203226863.27,617587400.51
202104,0,2,215262920.5,582444371.76
202104,20,1,86758275.03,301031766.26
202104,20,2,143136557.34,468512160.68
202104,30,1,121667246.82,411750280.04
202104,30,2,199496082.28,677348614.0
202104,40,1,178482725.14,578449942.09
202104,40,2,249543596.92,758182189.47
202104,50,1,248504296.0,892321725.89
202104,50,2,311282373.07,1002825882.41
202104,60,1,260090230.09,1393940898.77
202104,60,2,309998134.97,1124193503.29
202104,70,1,234493821.72,1172670583.86
202104,70,2,288164644.66,1151426887.63
202104,80,1,136508047.87,808838649.53
202104,80,2,243223221.43,1242098750.69
202104,99,0,64.52,680944733.13
202104,99,1,272103.82,44731350.84
202104,99,2,323727.67,53100659.01
202105,0,0,0.0,728.6800000000001
202105,0,1,188406639.53,563907819.29
202105,0,2,198574677.52,530395006.26
202105,20,1,76461382.41,258906270.97
202105,20,2,126627536.81,407414918.62
202105,30,1,108752632.82,361032680.03
202105,30,2,178829639.2,597600926.59
202105,40,1,159967750.86,508472461.34
202105,40,2,221525650.59,663940247.56
202105,50,0,0.0,25.0
202105,50,1,222379835.84,789936293.57
202105,50,2,275746200.3,878716859.02
202105,60,0,0.0,79.0
202105,60,1,234431633.73,2136526674.19
202105,60,2,277448434.77,998258458.51
202105,70,1,212837090.5,1059479706.47
202105,70,2,262320334.3,1041451800.98
202105,80,0,24.0,80.0
202105,80,1,129115832.35,744954387.17
202105,80,2,235717345.41,1155563617.9
202105,99,0,1226.56,57399121.01
202105,99,1,253588.34,9145093.67
202105,99,2,288956.22,4010462.68
202106,0,0,0.0,312.15999999999997
202106,0,1,238174103.99,683325856.1
202106,0,2,248938343.38,639057566.01
202106,20,1,94339215.62,301865323.0
202106,20,2,151276555.06,473800871.94
202106,30,1,132177324.76,418105602.41
202106,30,2,216832131.21,702195323.93
202106,40,1,195994768.59,593683973.09
202106,40,2,271850832.2,780720523.84
202106,50,1,273114993.61,922614874.77
202106,50,2,341949050.2,1039201309.79
202106,60,0,0.0,1220.0
202106,60,1,284547735.4,2120739293.95
202106,60,2,344279660.4,1188590714.09
202106,70,1,256568124.56,1242587979.31
202106,70,2,323976993.23,1235981745.56
202106,80,0,1059.0400000000002,2661.21
202106,80,1,152882832.66,860394318.92
202106,80,2,279783068.65,1329548258.09
202106,99,0,419.01,265201203.17000002
202106,99,1,336105.25,30467750.06
202106,99,2,342806.93,12052682.16
202107,0,0,242.05999999999997,728.8
202107,0,1,211777792.02,620488698.75
202107,0,2,217280806.72,571359822.81
202107,20,0,0.0,124.51
202107,20,1,85632949.55,294355610.69
202107,20,2,134998299.06,444824316.69
202107,30,0,0.0,3.96
202107,30,1,118143749.59,387893899.55
202107,30,2,188732218.69,627054104.82
202107,40,1,172349832.86,537514227.26
202107,40,2,236946536.31,697122514.17
202107,50,1,245022629.98,836730226.67
202107,50,2,302108448.45,935133082.08
202107,60,1,249338033.05,1773490177.42
202107,60,2,297309190.69,1049987429.23
202107,70,0,0.0,44.06
202107,70,1,223131385.76,1118666615.19
202107,70,2,280462203.4,1103002797.13
202107,80,0,7542.070000000001,22084.47
202107,80,1,136309307.01,788386242.57
202107,80,2,247962160.97,1212033790.63
202107,99,0,114406.16,103520391.11
202107,99,1,241415.38,8829119.63
202107,99,2,294458.83,14593131.79
202108,0,0,56.47000000000003,851.03
202108,0,1,147191958.46,445710517.12
202108,0,2,153234519.94,421556309.88
202108,20,1,70275839.02,299812392.04
202108,20,2,111535107.59,434910410.8
202108,30,1,88021102.83,361464599.16
202108,30,2,141323897.88,562245018.89
202108,40,1,124447059.96,461136822.41
202108,40,2,170761199.5,580182084.7
202108,50,1,175298847.88,702105378.37
202108,50,2,215427781.91,768190647.1
202108,60,0,0.0,600.0
202108,60,1,178355522.66,1272007213.46
202108,60,2,207446651.59,865589776.72
202108,70,1,164781448.77,981608627.43
202108,70,2,201082423.21,931393318.45
202108,80,0,23027.62,69408.38
202108,80,1,107751627.25,719599388.63
202108,80,2,200821759.85,1104696561.1
202108,99,0,258.65000000000003,29036484.23
202108,99,1,211844.98,8735744.36
202108,99,2,221710.3,2377640.0
202109,0,0,24308.41,119147.36
202109,0,1,228846506.96,611527647.12
202109,0,2,238090613.85,579962415.21
202109,20,1,86165760.47,320331749.33
202109,20,2,135548645.55,476151510.21
202109,30,1,114318468.26,408031007.93
202109,30,2,183072681.13,657630972.01
202109,40,1,166474144.0,546358592.29
202109,40,2,229079170.25,701609575.4
202109,50,0,0.0,75.11
202109,50,1,230041072.62,827780854.68
202109,50,2,281302783.43,916360239.7
202109,60,0,0.0,190.14000000000001
202109,60,1,229214907.42,1243866825.44
202109,60,2,271608477.72,1028399064.82
202109,70,0,0.0,44.06
202109,70,1,205672854.06,1110975477.9
202109,70,2,259620910.59,1094432339.67
202109,80,0,5508.12,16053.79
202109,80,1,128497619.43,795265665.02
202109,80,2,236377225.31,1226663078.03
202109,99,0,52.890000000000015,219963913.36
202109,99,1,248744.6,11634239.52
202109,99,2,273636.37,11057058.14
202110,0,0,87.50000000000001,961.98
202110,0,1,231327254.15,665988262.76
202110,0,2,237368473.82,613118199.41
202110,20,1,87813193.94,302306269.59
202110,20,2,139169543.72,458392957.08
202110,30,1,120195443.2,399947692.75
202110,30,2,194437997.39,656872860.09
202110,40,1,176405979.31,547471137.09
202110,40,2,244388345.82,714104001.95
202110,50,1,248749388.68,849120437.91
202110,50,2,308250989.3,954686165.6
202110,60,1,257598959.48,1298676810.26
202110,60,2,310670743.09,1094843109.19
202110,70,1,233340773.91,1158136937.38
202110,70,2,295020977.27,1158043177.46
202110,80,0,2089.2,5926.28
202110,80,1,137952629.37,804095420.23
202110,80,2,248772072.06,1232539481.7
202110,99,0,975.49,108473738.49
202110,99,1,295208.47,7267176.57
202110,99,2,271408.12,6629194.52
202111,0,0,74.82,659.17
202111,0,1,228573339.45,644900023.03
202111,0,2,236816995.21,600661736.1
202111,20,1,84971406.87,277799430.44
202111,20,2,136030105.69,430542665.07
202111,30,1,116807555.86,379201093.32
202111,30,2,189329782.15,630264300.07
202111,40,1,172175482.44,531043489.67
202111,40,2,239279149.17,695353586.89
202111,50,1,242626851.06,833221922.59
202111,50,2,299300263.83,933575233.11
202111,60,0,0.0,2956.44
202111,60,1,257556714.38,1458414547.08
202111,60,2,304971869.95,1090065158.03
202111,70,1,237626661.32,1178725206.85
202111,70,2,295034819.74,1167354176.8
202111,80,0,2506.0299999999997,7632.78
202111,80,1,142110132.24,814767517.0
202111,80,2,254872141.42000002,1244110665.62
202111,99,0,0.0,206537759.46
202111,99,1,276616.12,30047989.49
202111,99,2,245779.74,8188843.56
202112,0,0,341.37,2419.88
202112,0,1,250389726.67,786958448.18
202112,0,2,256423312.96,730816109.72
202112,20,0,0.0,59.65
202112,20,1,91860272.69,325448794.04
202112,20,2,143886144.44,490963304.54
202112,30,1,128212006.07,438799098.59
202112,30,2,202160125.38,703084763.27
202112,40,1,190146643.25,604767382.71
202112,40,2,257244508.68,777841595.07
202112,50,1,267865835.13,928981400.66
202112,50,2,325690405.7,1036590407.08
202112,60,0,0.0,149899.0
202112,60,1,285421499.71,1520655396.33
202112,60,2,333350001.6,1190564234.58
202112,70,1,260347982.64,1274805038.55
202112,70,2,316953237.02,1251377949.16
202112,80,0,418.62,1073.24
202112,80,1,149975215.97,858927279.89
202112,80,2,266721558.89,1299520358.7
202112,99,0,238268.07,50727796.410000004
202112,99,1,237647.58,4792769.09
202112,99,2,290430.18,2744469.29
202201,0,0,18.75,93.75
202201,0,1,201242948.31,756603113.44
202201,0,2,208320973.19,717141946.84
202201,20,1,76250219.66,325348340.7
202201,20,2,121464806.96,485279413.54
202201,30,1,104924649.5,418544350.26
202201,30,2,166693044.09,663230062.92
202201,40,1,152491060.04,555392505.35
202201,40,2,205535570.49,716775850.24
202201,50,1,212146651.12,832865542.36
202201,50,2,253336328.96,918566442.51
202201,60,0,0.0,9387.0
202201,60,1,223060443.5,1492047709.9
202201,60,2,254362868.43,1016328193.1
202201,70,1,206206125.41,1105162323.39
202201,70,2,247800064.6,1069841607.43
202201,80,0,881.05,5462.82
202201,80,1,123793736.17,770858475.76
202201,80,2,222053788.71,1174422220.99
202201,99,0,0.0,45073029.55
202201,99,1,301481.54,7770493.97
202201,99,2,278140.7,3899739.1
202202,0,0,0.0,519.32
202202,0,1,196898045.65,653136707.67
202202,0,2,204910109.02,614153697.12
202202,20,0,0.0,28.0
202202,20,1,78901123.53,287390588.08
202202,20,2,126526720.39,440482002.29
202202,30,1,108216289.21,382901622.68
202202,30,2,174910713.71,629199374.91
202202,40,1,160858495.09,521501302.44
202202,40,2,222456783.17,696782274.7
202202,50,1,229196857.73,800579698.56
202202,50,2,282122619.24,909312696.35
202202,60,0,0.0,3.45
202202,60,1,242121689.28,1375719027.54
202202,60,2,285293147.55,1024984228.97
202202,70,1,222047544.54,1106402795.25
202202,70,2,271053720.05,1085019395.37
202202,80,1,126604822.54,755527390.25
202202,80,2,223190205.71,1145236720.29
202202,99,0,5326.639999999999,103363471.13
202202,99,1,241185.77,10494013.39
202202,99,2,270783.84,8568343.57
202203,0,0,1141.08,1647.57
202203,0,1,240262193.65,700970250.25
202203,0,2,252680912.35999998,660659837.92
202203,20,0,272.90999999999997,273.0
202203,20,1,89236955.76,302225557.22
202203,20,2,145413968.3,466952375.38
202203,30,1,123791057.66,409232021.45
202203,30,2,202920606.36,674902066.45
202203,40,1,184992820.09,569623277.84
202203,40,2,259998179.59,762471218.72
202203,50,1,259894477.8,885980625.53
202203,50,2,326857721.57,1011274982.23
202203,60,0,0.0,2375.0
202203,60,1,271457659.11,1399191477.29
202203,60,2,326650243.89,1143847972.52
202203,70,1,246996312.16,1218210536.73
202203,70,2,309219092.07,1207774093.21
202203,80,0,649.3399999999999,3662.63
202203,80,1,143421540.73,840823942.61
202203,80,2,257436982.1,1289320457.38
202203,99,0,11547.73,259498709.16
202203,99,1,247042.3,19175778.95
202203,99,2,285533.84,7882232.0
202204,0,0,0.0,505.08000000000004
202204,0,1,220537637.23,636978334.47
202204,0,2,226360545.39,591564594.81
202204,20,1,83636782.64,277073483.22
202204,20,2,131806564.01,423935225.85
202204,30,1,113567453.14,374292305.67
202204,30,2,183319304.65,617585940.55
202204,40,1,164529915.27,520005639.97
202204,40,2,229554045.13,691623189.78
202204,50,1,233959143.69,814758199.55
202204,50,2,289705667.08,923812916.82
202204,60,1,247704476.28,1385084757.91
202204,60,2,296920526.2,1064634540.43
202204,70,1,230607035.31,1160395449.85
202204,70,2,288659198.13,1142851788.69
202204,80,0,825.38,2483.1
202204,80,1,131899755.47,782764396.75
202204,80,2,234126077.51,1177654550.03
202204,99,0,182.49,640319969.18
202204,99,1,224743.91999999998,45080143.12
202204,99,2,221551.32,58274136.07
202205,0,0,0.0,1168.18
202205,0,1,239006883.48,647311517.49
202205,0,2,245770919.0,601258799.48
202205,20,0,0.0,150.35
202205,20,1,93598031.15,292922372.84
202205,20,2,145768730.8,454083861.25
202205,30,1,127329453.82,401425859.45
202205,30,2,203476937.29,666721428.4
202205,40,1,182038833.65,558097377.58
202205,40,2,253674589.68,742232680.28
202205,50,1,258002154.38,890767356.96
202205,50,2,321245672.58,1006836323.19
202205,60,1,272254735.49,1644517474.66
202205,60,2,325322429.92,1165461736.04
202205,70,1,255912789.22,1292906247.04
202205,70,2,322596975.03,1279025759.16
202205,80,0,3478.16,13325.89
202205,80,1,146414592.98,875394928.62
202205,80,2,264127965.12,1315274538.48
202205,99,0,1898.9599999999998,138593290.56
202205,99,1,263811.94,15390004.67
202205,99,2,270519.36,7085758.04
202206,0,0,112.81,373.9
202206,0,1,243292241.04,662413215.67
202206,0,2,247348369.56,608672861.21
202206,0,9,1031.78,2074.41
202206,20,1,93032753.98,288970067.62
202206,20,2,143128557.84,446769735.27
202206,20,9,1687.3099999999997,7861.599999999999
202206,30,1,127365214.58,395703135.77
202206,30,2,203306854.89,662650460.2
202206,30,9,546.7099999999999,1896.7199999999998
202206,40,0,0.0,2.0
202206,40,1,183734754.84,555632573.26
202206,40,2,253856819.43,735547579.58
202206,40,9,1506.1799999999998,4612.969999999999
202206,50,1,260952839.7,883452458.01
202206,50,2,321475986.85,993340270.4
202206,50,9,0.0,1071.31
202206,60,1,273852470.12,1592815971.84
202206,60,2,327659516.84,1152611103.9
202206,60,9,114.48000000000009,1171.55
202206,70,1,256230236.31,1277449560.31
202206,70,2,321726306.99,1259503744.04
202206,70,9,539.23,2184.33
202206,80,0,2755.21,8952.78
202206,80,1,149582217.97,871048388.49
202206,80,2,269707889.81,1308485739.2
202206,80,9,87.60000000000008,1615.48
202206,99,0,251.29000000000002,189842736.14000002
202206,99,1,296750.2,11891386.309999999
202206,99,2,294567.63,21033290.91
202206,99,9,0.0,1053.3600000000001
202207,0,0,0.0,699.84
202207,0,1,217840128.12,623299243.91
202207,0,2,221181927.15,565731989.71
202207,20,1,85135808.72,275143285.96
202207,20,2,130154939.51,413916685.42
202207,30,1,114747849.31,368305636.13
202207,30,2,180529196.83,595493704.77
202207,40,1,166164019.01,511061798.48
202207,40,2,226692299.99,666465568.75
202207,50,1,239096071.78,811756197.72
202207,50,2,291712923.38,908038512.07
202207,60,1,242029110.56,1827093913.08
202207,60,2,285783961.42,1032231808.0
202207,70,1,221718569.93,1145491488.15
202207,70,2,276355272.46,1120755139.25
202207,80,0,2934.82,8478.01
202207,80,1,132349120.55,793035207.95
202207,80,2,238215299.17,1196786106.39
202207,99,0,376.52000000000004,76107593.99
202207,99,1,214263.4,8926766.12
202207,99,2,275131.45,8743125.39
202208,0,0,30109.050000000007,79444.27
202208,0,1,160400544.83,455954356.05
202208,0,2,165386205.64,423185734.16
202208,20,1,74966386.18,244670009.58
202208,20,2,116879046.17,376337582.67
202208,30,1,93436122.06,321380605.01
202208,30,2,146589268.22,515517179.65
202208,40,0,371.96000000000004,914.98
202208,40,1,128217133.21,431956184.25
202208,40,2,175264776.32,552972797.28
202208,50,1,184932349.16,711014267.7
202208,50,2,224129271.35,772145315.04
202208,60,1,187536519.21,1225820607.81
202208,60,2,213529902.71,894547698.25
202208,70,1,176016356.08,1068711136.86
202208,70,2,214158386.04,1008250359.07
202208,80,0,23684.260000000002,69783.38
202208,80,1,112409682.43,774669410.65
202208,80,2,209081656.34,1168839089.82
202208,99,0,20.0,43662925.74
202208,99,1,190462.57,5834850.95
202208,99,2,190966.82,3378778.21
202209,0,0,22647.66,111064.66
202209,0,1,252909750.04,643168069.99
202209,0,2,262152721.51,605558626.08
202209,20,1,90402604.64,281194519.48
202209,20,2,141202980.54,430817492.44
202209,30,1,118917119.8,374935690.2
202209,30,2,189230017.43,622380712.97
202209,40,1,174174063.5,528029673.11
202209,40,2,239343121.2,693081263.7
202209,50,1,243860799.25,835032478.38
202209,50,2,295829715.21,928042259.58
202209,60,1,241695218.18,1334363524.06
202209,60,2,283154247.97,1057368768.77
202209,70,1,221528884.29,1192957543.2
202209,70,2,276919620.54,1164203190.79
202209,80,0,10802.190000000002,33373.58
202209,80,1,133595003.85,832082365.93
202209,80,2,239445492.33,1252886791.45
202209,99,0,361.75,208067915.35999998
202209,99,1,245815.86,8869170.18
202209,99,2,228019.41,17114272.9
202210,0,0,1014.7000000000003,5433.35
202210,0,1,244062552.57,664192910.07
202210,0,2,249486080.48,613093393.32
202210,20,1,89395349.31,279279176.19
202210,20,2,142505031.32,434197399.57
202210,30,1,122297513.65,382274688.32
202210,30,2,197304961.49,637078003.7
202210,40,1,180395267.54,538407016.43
202210,40,2,250841162.12,718139598.23
202210,50,1,259715222.68,860777823.61
202210,50,2,319687392.45,975498621.35
202210,60,1,269629710.22,1380467950.64
202210,60,2,319922533.02,1125957094.13
202210,70,1,249356971.99,1244586075.6
202210,70,2,311445303.76,1233675758.28
202210,80,0,1326.9400000000003,3285.1800000000003
202210,80,1,143357988.57,847327107.59
202210,80,2,251716665.4,1267725550.85
202210,99,0,158.86,8487951.1
202210,99,1,243458.91,2559798.95
202210,99,2,235340.75,1938122.76
202211,0,0,7551.4800000000005,38005.08
202211,0,1,246804568.60999998,653317580.0
202211,0,2,254178857.68,606565986.05
202211,20,0,211.57000000000005,520.46
202211,20,1,87303372.58,270061625.58
202211,20,2,138630280.03,414881651.89
202211,30,0,24.410000000000004,927.35
202211,30,1,119082885.98,370664166.43
202211,30,2,192634713.82,616584074.8
202211,40,0,0.0,133.88
202211,40,1,173479302.0,519726962.28
202211,40,2,243391820.84,696402501.81
202211,50,0,0.0,30.7
202211,50,1,249379905.35,840712196.73
202211,50,2,307673966.14,946393276.22
202211,60,1,264420932.9,1393756832.04
202211,60,2,311518574.37,1113141119.65
202211,70,1,249353722.08,1246868975.42
202211,70,2,309292418.88,1230443135.34
202211,80,0,3830.840000000001,55124.48
202211,80,1,143888323.21,851339207.15
202211,80,2,256697496.16,1277594740.82
202211,99,0,1034.89,199674449.2
202211,99,1,228564.19,8720555.63
202211,99,2,261631.94,23780437.31
202212,0,0,698.5700000000002,4574.84
202212,0,1,268977105.84,739697509.21
202212,0,2,273280647.74,674940940.0
202212,20,0,40.0,100.0
202212,20,1,95671760.95,297028126.59
202212,20,2,148571436.4,443806678.23
202212,30,1,130362274.26,401972182.49
202212,30,2,204021629.09,649763357.91
202212,40,0,24.0,60.0
202212,40,1,189163986.81,563715800.37
202212,40,2,257794653.59,738753396.25
202212,50,1,272862128.35,904736494.81
202212,50,2,329970769.17,1008393028.23
202212,60,0,0.0,54.0
202212,60,1,288508094.57,1548541678.1
202212,60,2,334876464.2,1181284869.05
202212,70,1,267483675.55,1320423678.66
202212,70,2,324924501.72,1279576967.73
202212,80,0,211.57000000000005,7707.610000000001
202212,80,1,149771726.97,881913223.46
202212,80,2,261122487.95,1298551263.06
202212,99,0,273.48,49523006.99
202212,99,1,243662.33000000002,3226335.35
202212,99,2,242994.55,1877660.09
202301,0,0,0.0,25.0
202301,0,1,245638923.56,664858839.06
202301,0,2,253893643.07,612741505.9
202301,20,0,0.0,27.0
202301,20,1,92190749.55,286950893.93
202301,20,2,143782982.92,435226512.91
202301,30,1,121853772.0,389490676.72
202301,30,2,194081714.49,633278667.62
202301,40,1,175908517.58,542966842.49
202301,40,2,238585053.33,706540461.74
202301,50,0,0.0,70.0
202301,50,1,247560806.51,870233076.76
202301,50,2,296183009.75,957566420.28
202301,60,1,256561858.09,1582207806.67
202301,60,2,296064172.83,1112812205.84
202301,70,1,241680781.76,1277892742.59
202301,70,2,291379169.67,1230540779.0
202301,80,1,139511069.59,880367275.39
202301,80,2,244292503.67,1306900679.68
202301,99,0,0.0,14858162.94
202301,99,1,274674.55,3415928.6
202301,99,2,292937.27,2891859.32
202302,0,0,0.06000000000000001,209.01
202302,0,1,222637060.49,607159029.4
202302,0,2,229880811.53,565642152.42
202302,20,1,87188508.64,266297437.98
202302,20,2,137753927.15,404986894.59
202302,30,1,117655596.64,359006862.05
202302,30,2,188330356.66,591000142.09
202302,40,1,169773877.31,503556776.59
202302,40,2,237448374.93,672388730.67
202302,50,0,0.0,34.02
202302,50,1,243239663.96,810085628.68
202302,50,2,299793940.01,915854948.49
202302,60,1,254915415.9,1423229467.82
202302,60,2,301495798.53,1064048411.91
202302,70,1,237510000.72,1185109794.55
202302,70,2,292441042.03,1161240476.67
202302,80,1,132118726.23,796483411.57
202302,80,2,228160837.52,1179308232.25
202302,99,0,93475.16999999998,19079731.39
202302,99,1,239280.25,3538334.22
202302,99,2,235371.58,2531673.24
202303,0,0,773.77,5836.52
202303,0,1,258662092.92,681724239.27
202303,0,2,271047964.12,641346256.92
202303,20,0,0.0,31.59
202303,20,1,95505650.64,287953797.52
202303,20,2,152896506.83,443145931.8
202303,30,1,130717178.55,395831866.14
202303,30,2,211884230.6,654954631.3
202303,40,0,12.170000000000002,30.42
202303,40,1,190233777.22,556701501.0
202303,40,2,268348604.07,747107346.08
202303,50,0,0.0,7.02
202303,50,1,271386990.02,888608738.9
202303,50,2,338610059.03,1010859544.52
202303,60,1,282923603.12,1509282680.47
202303,60,2,340265220.83,1161957952.94
202303,70,1,261744801.94,1279656838.47
202303,70,2,325432696.59,1261638409.52
202303,80,0,437.82000000000033,9208.480000000001
202303,80,1,147446569.12,867174380.66
202303,80,2,256770024.25,1293217352.87
202303,99,0,8860.849999999999,313519325.81
202303,99,1,261050.22,17166886.79
202303,99,2,294218.6,16292309.64
202304,0,0,162.39999999999998,2160.9
202304,0,1,218358945.0,592516743.55
202304,0,2,225114701.2,547515680.62
202304,20,1,86984660.26,259577863.26
202304,20,2,133805022.33,391720164.64
202304,30,1,115684737.34,352891090.23
202304,30,2,183887593.46,577878393.03
202304,40,0,1.77,4.42
202304,40,1,165448822.18,494659436.16
202304,40,2,230710735.2,661545331.53
202304,50,1,237949891.78,804528663.21
202304,50,2,296578723.26,912783073.37
202304,60,1,253639471.9,1351056766.94
202304,60,2,304044706.5,1072080847.82
202304,70,1,240333306.95,1212748860.24
202304,70,2,303355150.58,1192910126.82
202304,80,0,1355.75,3786.1400000000003
202304,80,1,132122951.99,803319770.46
202304,80,2,230399960.97,1173569162.11
202304,99,0,1253.91,639563259.16
202304,99,1,192803.0,42132227.0
202304,99,2,201780.87,59336118.97
202305,0,0,285.5,527.0
202305,0,1,238038622.8,620064815.29
202305,0,2,246353482.37,578632556.44
202305,20,1,94445328.36,280517003.3
202305,20,2,145302165.92,424945522.52
202305,30,1,125564439.62,380055950.23
202305,30,2,199831988.67,628616482.94
202305,40,1,176174538.32,529358897.03
202305,40,2,245483094.07,706538100.44
202305,50,1,253378576.43,859490696.72
202305,50,2,313023707.47,967814090.09
202305,60,1,265918120.44,1643858047.79
202305,60,2,319917394.8,1141949692.03
202305,70,1,253920785.08,1294427878.56
202305,70,2,322748929.7,1285673757.11
202305,80,0,6018.8600000000015,20460.88
202305,80,1,147576754.14,877459359.98
202305,80,2,262893336.85999998,1300408319.58
202305,99,0,900.4,15520835.92
202305,99,1,245931.53,3135246.47
202305,99,2,274485.72,2698606.67
202306,0,0,12.29,102.28999999999999
202306,0,1,273800667.88,713178721.49
202306,0,2,277836025.15,658261459.03
202306,20,1,106446091.65,309549508.91
202306,20,2,161977196.95,472436799.07
202306,30,0,0.0,1632.45
202306,30,1,141779451.38,420347875.23
202306,30,2,226115299.04,701460551.26
202306,40,1,200353269.83,588625286.79
202306,40,2,277634348.05,786030270.55
202306,50,1,288424416.34,952612978.12
202306,50,2,356353944.37,1078910561.12
202306,60,1,300874810.39,2193481913.19
202306,60,2,362107159.8,1258613439.35
202306,70,1,284825003.17,1425578833.13
202306,70,2,361764593.73,1408532546.29
202306,80,0,738.04,2584.54
202306,80,1,162788651.44,961341422.95
202306,80,2,287230445.4,1407127047.01
202306,99,0,258.19,202037389.43
202306,99,1,286687.59,14872458.559999999
202306,99,2,273811.71,10876001.81
202307,0,0,0.0,48653.7
202307,0,1,231158395.9,628127170.51
202307,0,2,234633427.8,570694837.04
202307,20,1,94020831.75,278185058.05
202307,20,2,141863486.62,413485825.73
202307,30,1,123976744.23,370550979.74
202307,30,2,192714014.98,599779434.24
202307,40,1,174622733.53,516900962.74
202307,40,2,240369547.42,679587277.96
202307,50,1,257014865.84,841693107.8
202307,50,2,314118515.98,944801739.0
202307,60,1,261631029.95,1977233013.0
202307,60,2,309588956.24,1088603790.24
202307,70,1,242153395.18,1237016199.22
202307,70,2,300995914.94,1205105108.71
202307,80,0,4670.62,14411.83
202307,80,1,139247143.67,845876129.02
202307,80,2,245100155.02,1244343486.2
202307,99,0,30.0,79387655.1
202307,99,1,209985.46,7403245.31
202307,99,2,228895.94,7788952.12
202308,0,0,32038.64,536345.76
202308,0,1,169270554.95,468344300.47
202308,0,2,174366073.43,433239673.57
202308,20,1,81878646.67,252893453.56
202308,20,2,126951974.61,383652020.47
202308,30,1,100141384.51,329697489.98
202308,30,2,156645719.36,527358066.38
202308,40,1,135678642.02,445477436.57
202308,40,2,186910049.01,573844557.98
202308,50,1,198484693.42,735253685.91
202308,50,2,239577871.43,805574933.41
202308,60,0,599.0500000000001,1153.07
202308,60,1,198804287.2,1263779895.99
202308,60,2,228042581.04,946346667.44
202308,70,0,691.95,1605.0900000000001
202308,70,1,186895998.41,1134370132.53
202308,70,2,228580830.23,1068386137.91
202308,80,0,27032.65,73111.96
202308,80,1,116390962.95,809498523.15
202308,80,2,210771142.74,1180910993.5
202308,99,0,235.0,4985416.4399999995
202308,99,1,148025.53,2088338.13
202308,99,2,151738.76,1417720.64
202309,0,0,70.33000000000004,834.01
202309,0,1,255350676.03,628808997.02
202309,0,2,263725269.63,591952926.15
202309,20,1,92953826.14,276981735.11
202309,20,2,143575480.1,420095355.48
202309,30,1,120508083.26,371067240.44
202309,30,2,188743571.95,599863191.11
202309,40,1,170406782.54,510890345.59
202309,40,2,234436178.84,669927184.43
202309,50,1,241838647.35,821926298.61
202309,50,2,293355835.81,914793283.74
202309,60,1,243323355.45,1330790944.43
202309,60,2,283684427.88,1055719919.56
202309,70,1,224764192.15,1220352713.32
202309,70,2,281477868.47,1188443706.02
202309,80,0,11294.0,30753.13
202309,80,1,130951529.82,844289239.91
202309,80,2,230709005.98,1236771896.21
202309,99,0,3124.0,200650813.11
202309,99,1,197887.63,20100757.73
202309,99,2,176648.85,5488315.39
202310,0,0,12523.210000000001,62953.65
202310,0,1,273454767.91,712800352.42
202310,0,2,278998843.72,657025068.34
202310,20,1,104279938.62,306827427.49
202310,20,2,163037920.56,469722824.63
202310,30,0,0.0,34.02
202310,30,1,140309495.67,417570062.5
202310,30,2,221096923.05,685436555.72
202310,40,1,199433675.23,581049453.22
202310,40,2,276973087.76,772644726.07
202310,50,1,288804692.43,938385597.36
202310,50,2,355053799.18,1063542862.04
202310,60,1,302036272.33,1522116778.03
202310,60,2,358042297.78,1245913904.55
202310,70,1,282016303.37,1406965584.46
202310,70,2,355611504.98,1395502879.23
202310,80,0,248.98000000000002,570.47
202310,80,1,158566801.91,948963276.46
202310,80,2,273402823.47,1373406767.36
202310,99,0,8759.72,6167647.44
202310,99,1,223164.59,2242315.79
202310,99,2,216148.24,1803339.71
202311,0,0,1143.6399999999999,9094.44
202311,0,1,262664914.01,677505024.47
202311,0,2,270063182.78,629327998.35
202311,20,1,98459674.87,287877828.34
202311,20,2,152815387.28,439000026.75
202311,30,0,0.0,845.25
202311,30,1,131571148.06,392497997.4
202311,30,2,208385145.25,644623357.84
202311,40,1,186818834.08,545101242.49
202311,40,2,258124299.03,722455033.61
202311,50,1,268372688.45,881896411.05
202311,50,2,328406337.5,993310803.11
202311,60,0,52.510000000000005,150.02
202311,60,1,287839768.17,1468259344.19
202311,60,2,338534898.12,1185250932.76
202311,70,0,0.0,153.0
202311,70,1,273809954.21,1356428472.33
202311,70,2,339514454.81,1333194315.25
202311,80,0,2529.18,12008.07
202311,80,1,154100467.75,910409003.76
202311,80,2,266745945.0,1327408720.78
202311,99,0,2611.75,211170785.97
202311,99,1,204868.13,14643626.24
202311,99,2,234326.61000000002,11820301.07
202312,0,0,6641.96,140567.03
202312,0,1,271189128.51,709269007.42
202312,0,2,277544468.53,653545631.61
202312,20,0,0.0,47.07
202312,20,1,99549219.19,289438239.74
202312,20,2,151120935.33,430122124.58
202312,30,0,0.0,27274.4
202312,30,1,134164285.46,392750234.4
202312,30,2,207652354.46,631475415.07
202312,40,0,0.0,16636.35
202312,40,1,192020273.31,550367482.98
202312,40,2,259718016.55,720506075.64
202312,50,0,0.0,5783.599999999999
202312,50,1,276808114.39,891402712.64
202312,50,2,331284762.92,991205934.06
202312,60,0,0.0,1823.7399999999998
202312,60,1,295560215.87,1477634717.98
202312,60,2,341698102.57,1179646578.36
202312,70,1,276359920.04,1347090791.53
202312,70,2,336150813.49,1310283791.46
202312,80,0,868.2600000000001,2024.45
202312,80,1,153045139.12,900414592.94
202312,80,2,260291707.28,1291899872.34
202312,99,0,99753.23000000001,52258158.019999996
202312,99,1,195086.52,3105045.79
202312,99,2,216792.19,2435799.43
202401,0,0,0.0,41.1
202401,0,1,264177358.31,690721237.93
202401,0,2,272398179.05,641181313.04
202401,20,1,101740016.96,302204226.71
202401,20,2,156972790.03,456433164.48
202401,30,1,133092559.8,406248596.9
202401,30,2,206130725.44,655210391.9
202401,40,1,185258914.4,559574055.87
202401,40,2,249950638.13,726004278.99
202401,50,1,262399616.63,904028338.33
202401,50,2,310003871.44,991117220.49
202401,60,1,272057521.02,1733675891.46
202401,60,2,308388085.61,1155164462.75
202401,70,1,255308568.82,1366052330.16
202401,70,2,307182612.12,1303384683.43
202401,80,0,337.1600000000001,772.6200000000001
202401,80,1,146642757.7,936689404.85
202401,80,2,251724442.37,1341009005.79
202401,99,0,1302.5,12005003.09
202401,99,1,218113.58,2721416.53
202401,99,2,223460.71,2165112.03
202402,0,0,173.11,514.2
202402,0,1,251511407.08,664596655.59
202402,0,2,258457209.05,622437257.44
202402,20,1,98482305.54,289514183.22
202402,20,2,153901843.52,442490957.49
202402,30,1,131397281.97,389200999.15
202402,30,2,209092242.27,643473104.04
202402,40,1,186041763.97,540394483.51
202402,40,2,257658714.98,727228593.84
202402,50,1,267827428.68,875820696.61
202402,50,2,327861511.2,994184807.4
202402,60,0,0.0,284.76
202402,60,1,283098089.59,1557649594.09
202402,60,2,335716191.31,1161858030.91
202402,70,1,261478328.61,1314979324.13
202402,70,2,324768777.78,1282645580.87
202402,80,0,323.11,1139.2
202402,80,1,141639061.6,873831766.96
202402,80,2,238139058.93,1240800208.71
202402,99,0,10018.349999999999,17066439.83
202402,99,1,212402.16999999998,3512123.69
202402,99,2,209032.83,2724537.5
202403,0,0,0.0,9197.330000000002
202403,0,1,261368864.26,664917966.22
202403,0,2,274906622.82,630265707.99
202403,20,1,96879916.56,279509236.46
202403,20,2,153425112.82,430712551.27
202403,30,1,128547072.44,376991661.67
202403,30,2,204903698.1,618586875.03
202403,40,1,181309112.14000002,519938723.68
202403,40,2,256932074.73,702253960.93
202403,50,1,259625833.15,833469333.5
202403,50,2,324352712.64,951602934.68
202403,60,0,0.0,166.24
202403,60,1,271710470.28,1438299488.17
202403,60,2,325441654.27,1101058714.43
202403,70,1,251387307.16,1235605735.12
202403,70,2,314310118.1,1208335334.7
202403,80,0,1068.24,2848.8
202403,80,1,140189429.02,838370987.2
202403,80,2,240124003.78,1202195096.61
202403,99,0,719.45,304278275.87
202403,99,1,192482.79,18006298.66
202403,99,2,204443.79,27282693.490000002
202404,0,0,0.0,110.25
202404,0,1,243950215.49,637925787.32
202404,0,2,256925415.22,605410136.47
202404,20,1,89856462.75,261465392.82
202404,20,2,143170258.73,404921696.38
202404,30,1,119292726.31,351198009.31
202404,30,2,190769807.65,575868479.35
202404,40,1,167545762.65,481477651.54
202404,40,2,238403297.1,652884823.54
202404,50,0,60.0,60.0
202404,50,1,241520879.5,764139450.04
202404,50,2,305136798.07,889086638.89
202404,60,0,0.0,235.8
202404,60,1,251298462.08,1563663825.75
202404,60,2,306223012.66,1022068897.31
202404,70,1,231435168.66,1115421113.42
202404,70,2,294979041.36,1112105611.75
202404,80,0,1011.79,3625.4
202404,80,1,132760541.09,785328997.54
202404,80,2,234544586.87,1167038557.61
202404,99,0,5442.3,712434737.28
202404,99,1,189731.62,42109574.51
202404,99,2,221476.23,54302144.58
202405,0,0,0.0,300.0
202405,0,1,265335413.03,675211272.22
202405,0,2,271013423.19,632568355.57
202405,20,1,110129739.17999999,318655626.15
202405,20,2,165474713.0,481066313.36
202405,30,1,142863719.51,425414465.51
202405,30,2,223377113.63,705069466.68
202405,40,1,194190088.04,584295096.03
202405,40,2,270286659.74,788498221.18
202405,50,1,279105444.51,963437403.02
202405,50,2,340580169.71,1081235656.03
202405,60,0,0.0,31.75
202405,60,1,302383796.39,1866368485.31
202405,60,2,356861939.21999997,1305721498.09
202405,70,1,294963391.95,1550593155.82
202405,70,2,371895930.92,1507016726.05
202405,80,0,6746.650000000001,20915.33
202405,80,1,161607701.47,1013944209.5
202405,80,2,274805076.71999997,1401955492.03
202405,99,0,10194.36,9852802.53
202405,99,1,186766.19,3409819.59
202405,99,2,218043.35,2447370.53
202406,0,0,0.0,82882.91
202406,0,1,271948739.01,696548599.26
202406,0,2,276813294.03,645951940.06
202406,20,1,106364919.2,305114494.05
202406,20,2,162475950.46,466279208.08
202406,30,1,140221271.18,406854641.38
202406,30,2,222463278.41,681986465.15
202406,40,1,194035028.62,565886028.04
202406,40,2,272098910.71,763327008.93
202406,50,0,0.0,693.2
202406,50,1,278303026.48,914737038.55
202406,50,2,344286924.61,1036484979.41
202406,60,1,294260845.39,1685683307.87
202406,60,2,351782077.11,1221750133.35
202406,70,1,277867128.55,1407526824.02
202406,70,2,353800811.83,1387032957.27
202406,80,0,1396.29,3609.09
202406,80,1,154542186.45,944672945.33
202406,80,2,266518183.93,1329980306.56
202406,99,0,4595.07,222502211.44
202406,99,1,189290.6,7825222.58
202406,99,2,231633.58000000002,16415023.32
202407,0,0,0.0,5268.16
202407,0,1,283701100.17,740203296.77
202407,0,2,288614693.02,684438546.22
202407,20,1,117364309.88,333458568.29
202407,20,2,176179194.86,502700361.02
202407,30,1,151500496.67,439738207.39
202407,30,2,234750801.15,716726524.36
202407,40,1,209130595.75,602767243.26
202407,40,2,288962829.28,806746737.27
202407,50,0,0.0,24.51
202407,50,1,302070225.14,975584210.71
202407,50,2,371845869.16,1107955047.57
202407,60,0,0.0,2.1
202407,60,1,310494966.56,1919218978.76
202407,60,2,366645233.07,1280518122.98
202407,70,0,0.0,74.82
202407,70,1,288148127.38,1474368835.84
202407,70,2,363025202.64,1444487661.67
202407,80,0,7517.409999999999,19008.36
202407,80,1,164311601.93,1008806118.18
202407,80,2,284338923.66,1445521109.12
202407,99,0,0.0,83205724.28
202407,99,1,191345.4,11399398.93
202407,99,2,240230.56,7520873.16
202408,0,0,0.0,360.88
202408,0,1,174094415.81,467697769.3
202408,0,2,178591861.75,439914381.64
202408,20,1,82079086.53,247208728.15
202408,20,2,124048130.48,374005815.31
202408,30,1,98206586.98,316710229.69
202408,30,2,150868568.58,506596215.29
202408,40,1,129575485.34,423112058.41
202408,40,2,177460906.3,550664732.3
202408,50,1,183993904.8,696546216.06
202408,50,2,224798677.55,767178128.19
202408,60,0,133.18,380.52
202408,60,1,188520811.67,1667340561.09
202408,60,2,217581415.97,908551971.83
202408,70,0,0.0,59.88
202408,70,1,179937565.6,1124119665.61
202408,70,2,220539022.47,1048209939.55
202408,80,0,20902.969999999998,52531.36
202408,80,1,110397575.9,799273997.5
202408,80,2,193140728.43,1121442794.54
202408,99,0,0.0,8286941.42
202408,99,1,130255.27,1759937.1
202408,99,2,144997.43,1550336.39
202409,0,0,628.1500000000001,1792.77
202409,0,1,280543570.67,667960781.86
202409,0,2,288294253.38,632001990.99
202409,20,0,7.949999999999999,38.96
202409,20,1,99272222.57,286364474.05
202409,20,2,151800759.79,438043492.64
202409,30,0,11.7,29.25
202409,30,1,127168008.03,376828654.83
202409,30,2,196504328.91,619233291.36
202409,40,1,177856136.73,523845896.17
202409,40,2,242850843.37,687276157.96
202409,50,0,0.0,31.75
202409,50,1,249601854.62,833877653.69
202409,50,2,300834158.37,930508798.02
202409,60,0,0.0,7095.17
202409,60,1,251947109.53,1439717956.13
202409,60,2,294803117.74,1087363823.93
202409,70,1,233962736.51,1281514497.27
202409,70,2,293857656.56,1238627984.0
202409,80,0,3409.7499999999995,9406.68
202409,80,1,134657236.59,886398115.66
202409,80,2,231841296.08,1256034647.22
202409,99,0,40.0,207374467.72
202409,99,1,161572.64,21307969.15
202409,99,2,171540.16,6959339.22
202410,0,0,359.69000000000005,35099.909999999996
202410,0,1,309664829.31,772098032.17
202410,0,2,314550995.03,720518543.38
202410,20,0,0.0,35.65
202410,20,1,114016957.81,327248889.17
202410,20,2,176600442.02,503220066.61
202410,30,0,0.0,295.32
202410,30,1,149978021.07,438915701.22
202410,30,2,235788389.67,728033520.42
202410,40,1,211620951.36,608215696.98
202410,40,2,292698529.52,819243966.29
202410,50,0,0.0,27.5
202410,50,1,304388998.97,982715736.73
202410,50,2,371201002.03,1114665773.35
202410,60,0,0.0,67.75
202410,60,1,321931948.32,1719374935.88
202410,60,2,378153680.9,1324527350.62
202410,70,1,300914791.44,1524446192.27
202410,70,2,376068076.58,1495352167.21
202410,80,0,1475.4699999999998,4328.85
202410,80,1,167641003.45,1029508749.64
202410,80,2,284793186.77,1459404391.17
202410,99,0,0.0,48907056.980000004
202410,99,1,178469.13,4541552.74
202410,99,2,220138.52,4794743.89
202411,0,0,0.0,9632.69
202411,0,1,261311058.64,667519307.37
202411,0,2,272014161.26,626567417.34
202411,20,1,90246623.67,272335255.97
202411,20,2,145475624.44,425383982.09
202411,30,0,0.0,26.5
202411,30,1,121096767.63,369118259.62
202411,30,2,194692018.51,619536409.78
202411,40,1,171202313.23,513022854.71
202411,40,2,241554741.45,692867189.92
202411,50,1,243143804.44,825602734.92
202411,50,2,302252615.78,942490738.59
202411,60,1,263028706.19,1488864652.25
202411,60,2,312199502.34,1133642828.65
202411,70,0,0.0,3.0
202411,70,1,249948902.03,1324463346.98
202411,70,2,310894841.46,1285024927.35
202411,80,0,3590.6299999999997,14230.9
202411,80,1,142967981.25,895226078.35
202411,80,2,242771709.82,1254754133.84
202411,99,0,0.0,211828710.6
202411,99,1,202302.88,14805559.68
202411,99,2,240874.12,17052623.53
202412,0,0,20.0,2638.89
202412,0,1,279099847.06,734725354.46
202412,0,2,286818073.26,681637857.19
202412,20,1,101095162.79,305436633.51
202412,20,2,158709824.69,465121471.47
202412,30,1,135016508.27,408342953.36
202412,30,2,212654608.19,671171360.01
202412,40,1,192389336.09,569893504.59
202412,40,2,264535165.8,759565964.13
202412,50,0,0.0,1588.51
202412,50,1,274970810.76,918860040.04
202412,50,2,332839969.35,1032416347.52
202412,60,0,0.0,24.0
202412,60,1,292655445.24,1744234156.77
202412,60,2,343156771.13,1233163885.69
202412,70,1,274314687.66,1442410299.72
202412,70,2,335849540.43,1392380533.06
202412,80,0,1669.3199999999997,4511.5599999999995
202412,80,1,154396152.23,963770851.29
202412,80,2,263414074.34,1362848568.58
202412,99,0,88020.46999999999,38248299.1
202412,99,1,258912.91,4016202.08
202412,99,2,325146.02,2804679.71
