Year,Month,AGE_BEN_SNDS,BEN_SEX_COD,RAC,FLT_PAI_MNT
2019,1,0,0,38.08,543.0
2019,1,0,1,221477642.35026827,627019915.8887656
2019,1,0,2,231107008.920311,581242363.7590601
2019,1,20,1,78825126.86999938,249146111.26994875
2019,1,20,2,130227935.2101297,399709127.7894688
2019,1,30,1,112214992.94004,357548959.45984614
2019,1,30,2,184364524.54015228,595468916.1390613
2019,1,40,1,167069116.70011565,529783286.159564
2019,1,40,2,228348066.15022096,677823166.6787198
2019,1,50,1,224539788.68020964,820705771.668084
2019,1,50,2,278817375.2902984,906650088.4174464
2019,1,60,1,235766705.24025166,1345372290.586402
2019,1,60,2,280689643.7703212,1048754927.2164031
2019,1,70,1,191822655.89022133,1000537700.1165284
2019,1,70,2,239672940.0204043,1003615936.0358663
2019,1,80,0,183.48000000000002,478.37
2019,1,80,1,125742806.58004513,759748343.9282273
2019,1,80,2,233042938.22032586,1200583177.6053889
2019,1,99,0,65301.89,770330147.1900007
2019,1,99,1,313342.0399999988,50064717.37999994
2019,1,99,2,338667.62999999715,48238909.59999996
2019,2,0,0,12.85,81.23
2019,2,0,1,204654146.79026508,573950305.989372
2019,2,0,2,214744317.39030457,536356037.9994568
2019,2,20,1,74442725.32998648,226948764.97996828
2019,2,20,2,123924617.57016179,367430794.6895504
2019,2,30,1,105812638.91005574,327420436.4398372
2019,2,30,2,176056101.63019285,547494432.9492254
2019,2,40,1,158694644.26012933,481621343.0597278
2019,2,40,2,223109170.05023256,630528328.948957
2019,2,50,1,214642053.34019583,744059805.0086812
2019,2,50,2,273063053.29027134,838991464.2980483
2019,2,60,1,221045825.37023425,1028634091.2479446
2019,2,60,2,268959094.9403174,946668201.1875894
2019,2,70,1,178082276.6701907,890382685.0776852
2019,2,70,2,226590145.67033234,902507208.4471962
2019,2,80,0,942.1000000000001,8905.32
2019,2,80,1,115854738.16005272,676503554.4490006
2019,2,80,2,214329377.33025518,1070714343.2874658
2019,2,99,0,5688.86,3815452.9699999997
2019,2,99,1,307669.6199999979,2341701.8000000715
2019,2,99,2,336238.6499999979,1805407.6600000723
2019,3,0,0,1.4699999999999998,1173.67
2019,3,0,1,222139652.58030248,609482944.8088729
2019,3,0,2,235814516.3503547,570565403.3190424
2019,3,20,1,82634788.67999159,247914035.6099563
2019,3,20,2,136370354.80011302,399565098.77934605
2019,3,30,0,2141.95,2141.95
2019,3,30,1,121615586.14002918,361205851.2497799
2019,3,30,2,199083788.9202258,603425622.5487815
2019,3,40,1,183341513.68014878,535764601.4295068
2019,3,40,2,254232669.95029023,697613926.4784307
2019,3,50,1,246355891.7502528,822623750.6679031
2019,3,50,2,314753105.29028416,930535336.477154
2019,3,60,0,0.0,14683.409999999998
2019,3,60,1,251575700.34027407,1129538060.6759627
2019,3,60,2,312291207.4803466,1057992125.6561842
2019,3,70,1,204466545.58026764,988149946.585996
2019,3,70,2,263803777.85045302,1010607163.1954759
2019,3,80,0,366.96000000000004,956.74
2019,3,80,1,132950375.79004122,745840282.1678661
2019,3,80,2,245654058.67037332,1185263823.5347266
2019,3,99,0,2813.550000000001,7887692.699999999
2019,3,99,1,312335.34999999736,2621817.0000000177
2019,3,99,2,358270.3499999946,2015787.2600001458
2019,4,0,0,389.0199999999999,1619.0900000000001
2019,4,0,1,212419385.2602324,583672729.0592121
2019,4,0,2,225906891.17027444,552142033.1092628
2019,4,20,1,76167497.00999025,236879292.37997922
2019,4,20,2,127257641.75012772,382624899.6495865
2019,4,30,0,51.74000000000004,912.6899999999999
2019,4,30,1,106575858.17003633,337643925.54989517
2019,4,30,2,179776604.42014325,570571358.2692932
2019,4,40,1,157095754.97007254,496288824.6496303
2019,4,40,2,224156738.42020714,652816939.218946
2019,4,50,1,212112775.56016502,766208565.298411
2019,4,50,2,274926242.9102679,869446475.8676748
2019,4,60,1,223718865.1202101,1123976344.6967864
2019,4,60,2,276267775.3002885,995581585.9867725
2019,4,70,1,185578478.7701903,952955287.3567739
2019,4,70,2,240900279.35036135,969909441.2261281
2019,4,80,0,10852.910000000002,39287.47000000001
2019,4,80,1,125269093.17005315,728942430.558375
2019,4,80,2,235297726.37029272,1156497654.9758759
2019,4,99,0,1082.7399999999996,8425816.48
2019,4,99,1,331056.2299999966,2610564.900000095
2019,4,99,2,331670.66999999824,2668512.8000000454
2019,5,0,0,32.25,496.25
2019,5,0,1,206149159.1102134,577782775.4294518
2019,5,0,2,217008294.63023522,535960253.7795011
2019,5,20,1,76637521.82998899,235941524.79998636
2019,5,20,2,125977110.28013615,380593587.7095265
2019,5,30,1,109405036.68004572,339061608.0798545
2019,5,30,2,181575588.95017806,573887786.9091332
2019,5,40,0,0.0,13805.49
2019,5,40,1,161461382.75010732,499175853.5696705
2019,5,40,2,226984389.41019905,653422961.1688813
2019,5,50,1,216569039.9801814,765456036.8785392
2019,5,50,2,276809130.2002634,864597686.5880716
2019,5,60,1,227100864.45021564,1090778125.197593
2019,5,60,2,282145842.50028247,1000317059.7774166
2019,5,70,1,190394114.6502283,958348869.4273856
2019,5,70,2,247512846.15037858,981166903.4568479
2019,5,80,0,850.7200000000001,3243.85
2019,5,80,1,131078559.82005687,739250447.6986663
2019,5,80,2,248343110.9102884,1180402137.506347
2019,5,99,0,4536.8,688140.8200000004
2019,5,99,1,301733.26999999804,2288308.1300000586
2019,5,99,2,311497.75999999803,1772873.3500000644
2019,6,0,0,15548.030000000002,79772.68
2019,6,0,1,203175238.04022577,568514485.1392435
2019,6,0,2,210057485.94026548,519456992.6993633
2019,6,20,1,75372256.06997485,228844851.61998954
2019,6,20,2,121737726.71009086,366561043.2695416
2019,6,30,1,106857069.72001907,327031519.9298841
2019,6,30,2,174707786.48014894,546448993.9292591
2019,6,40,1,158952769.88009265,481888546.69961005
2019,6,40,2,221058200.91020793,627852555.5288357
2019,6,50,1,216779624.64020705,745479088.2782222
2019,6,50,2,275934383.74028355,842262582.5576078
2019,6,60,0,288.09000000000003,823.1400000000001
2019,6,60,1,223256185.84022254,1038777613.6165153
2019,6,60,2,275514126.6903157,961699283.4665902
2019,6,70,1,185806056.30022243,927312687.3861808
2019,6,70,2,240728724.8104157,942499452.4658291
2019,6,80,0,4157.92,13092.470000000001
2019,6,80,1,126454634.60004874,711806812.2680227
2019,6,80,2,236063049.88033876,1129603512.1753113
2019,6,99,0,1190.8300000000002,182922897.66
2019,6,99,1,319711.299999997,9756036.53999936
2019,6,99,2,310801.4399999964,9987363.18999922
2019,7,0,0,18109.950000000004,92523.24999999991
2019,7,0,1,201959293.9202282,547992648.4694471
2019,7,0,2,210068222.49024728,513911246.46943057
2019,7,20,1,85076377.10000512,253306370.76998025
2019,7,20,2,134129008.02011387,398882029.71955293
2019,7,30,1,117547415.86003178,355772784.3898687
2019,7,30,2,186743461.42013696,577728841.47926
2019,7,40,1,170224430.1201025,512938807.8096179
2019,7,40,2,231841568.02021736,653743092.2788876
2019,7,50,1,230488728.91018957,790322484.1381389
2019,7,50,2,291869329.060245,885606228.1676247
2019,7,60,1,228289869.3201997,1081334329.4567802
2019,7,60,2,275561537.3903142,980817625.0767947
2019,7,70,1,183977636.37018955,956062895.5064881
2019,7,70,2,235431397.9303696,958453481.4259424
2019,7,80,0,41804.54000000002,126581.13000000003
2019,7,80,1,127197457.34004246,750913343.2580997
2019,7,80,2,235731814.1603063,1190023897.4455297
2019,7,99,0,629.7800000000002,8199396.95
2019,7,99,1,278681.8699999972,2892823.3300001
2019,7,99,2,303317.70999999624,2641783.5200000983
2019,8,0,0,15379.089999999998,74516.55999999998
2019,8,0,1,148969074.45006543,380242131.5698216
2019,8,0,2,158076234.1801124,370598852.9597724
2019,8,20,1,61562994.639974795,194730299.87000823
2019,8,20,2,99709163.21004552,313729194.88983333
2019,8,30,1,77587657.11998703,266199608.9499679
2019,8,30,2,123408141.56007676,428181269.91959494
2019,8,40,1,110575423.01002882,379834261.49981654
2019,8,40,2,148438834.56007454,467939007.2296338
2019,8,50,1,148103610.2700647,595634071.4393697
2019,8,50,2,181034470.0901375,640169255.2089753
2019,8,60,1,147403375.17006066,855459020.7182465
2019,8,60,2,171971762.60014057,735692469.3983594
2019,8,70,1,124636003.7000477,766949253.1180754
2019,8,70,2,154824671.43014592,748650917.0978088
2019,8,80,0,17935.499999999993,50491.19
2019,8,80,1,93788591.14000139,632059584.4691489
2019,8,80,2,181242117.79013819,1014516795.2375304
2019,8,99,0,822.1400000000001,460010.7799999999
2019,8,99,1,182161.87999999872,1739608.4700000426
2019,8,99,2,185659.90999999872,1341844.7300000389
2019,9,0,0,698.48,1923.5
2019,9,0,1,219884072.86019078,607455804.6592959
2019,9,0,2,226636886.98023453,552971974.0294279
2019,9,20,1,79429871.39999242,241150132.30999613
2019,9,20,2,129205755.19009149,387303618.18965673
2019,9,30,1,110357694.01002668,342568442.58990675
2019,9,30,2,180068234.44011226,573184733.4793795
2019,9,40,1,163316914.8300678,500817509.68970436
2019,9,40,2,224870577.19016236,646674877.2490901
2019,9,50,1,216077637.6601549,762249585.3683995
2019,9,50,2,268739864.58024704,851088808.6378763
2019,9,60,1,216716384.7601762,1055803326.4769967
2019,9,60,2,264303018.7503064,974021149.6669763
2019,9,70,0,0.0,1088.8
2019,9,70,1,178576042.81017554,939421590.6665331
2019,9,70,2,231173319.0503457,961183905.0361053
2019,9,80,0,264.8,682.62
2019,9,80,1,121217655.650035,723769535.6684029
2019,9,80,2,227886716.1002621,1154227069.6759372
2019,9,99,0,3321.9899999999993,184567204.48000002
2019,9,99,1,244318.04999999772,8915271.17999959
2019,9,99,2,254561.40999999695,11756646.069999231
2019,10,0,0,13801.809999999998,75101.55000000003
2019,10,0,1,237580377.32021892,651249462.8992393
2019,10,0,2,248909828.16026035,610538005.6692932
2019,10,20,0,0.0,47.25
2019,10,20,1,83499024.0799973,253558511.64997253
2019,10,20,2,138208393.53009576,410706508.0496494
2019,10,30,1,118374395.34003507,364775502.9698964
2019,10,30,2,197099378.89013597,618209803.9692855
2019,10,40,1,177379540.01010135,533755426.5696651
2019,10,40,2,250140090.05020925,705836716.6389647
2019,10,50,1,240041262.9701935,824433653.2486248
2019,10,50,2,306593550.77023983,941514001.2779346
2019,10,60,0,263.03,751.52
2019,10,60,1,250855019.70023692,1152822108.3874123
2019,10,60,2,304552483.15029883,1076928088.2872195
2019,10,70,1,209037989.49025515,1047428010.4970671
2019,10,70,2,266728667.38043153,1064532664.5364958
2019,10,80,0,3421.7300000000005,13828.630000000001
2019,10,80,1,138059854.4700424,793488570.4886092
2019,10,80,2,253281446.4002829,1246987671.9965055
2019,10,99,0,2186.25,9417943.780000001
2019,10,99,1,313146.16999999783,2723527.220000072
2019,10,99,2,317218.8399999969,2295610.1400000765
2019,11,0,0,805.16,2880.4299999999994
2019,11,0,1,215186008.6701362,594272280.459759
2019,11,0,2,225758545.3301837,551020834.9696481
2019,11,20,1,75988231.41997369,230423297.41003504
2019,11,20,2,125561091.46005958,372938910.2198304
2019,11,30,1,108526473.520012,333450917.43996495
2019,11,30,2,180073993.1001074,563106144.3095287
2019,11,40,1,163529703.46005985,489920192.8397772
2019,11,40,2,227086529.56014633,640074055.7993463
2019,11,50,1,221388224.09013838,761258901.5390176
2019,11,50,2,278904724.0202401,857498836.7184623
2019,11,60,1,232739250.74015224,1087179868.547946
2019,11,60,2,283258504.7402773,1001333612.5077292
2019,11,70,1,197257725.72016478,981556320.3876969
2019,11,70,2,250735509.67029366,992426617.1672763
2019,11,80,0,357.43,1330.83
2019,11,80,1,130709261.53002355,739558153.2190226
2019,11,80,2,241777139.5801934,1163441407.167407
2019,11,99,0,30393.8,173451353.43
2019,11,99,1,321226.0799999977,14695048.90999915
2019,11,99,2,291058.75999999687,12871091.069998788
2019,12,0,0,0.0,1384.08
2019,12,0,1,217668581.730045,584555921.8198607
2019,12,0,2,228348047.3400764,546959962.8098803
2019,12,20,1,80961291.69997285,232839201.5801224
2019,12,20,2,129926750.18998681,368081267.3601418
2019,12,30,1,116334154.10998072,337101760.0500995
2019,12,30,2,183522742.20000923,547369985.1698816
2019,12,40,1,176348856.85999802,496973565.8899794
2019,12,40,2,236239838.95006987,627819677.6997949
2019,12,50,1,239188534.33005852,766072845.5297126
2019,12,50,2,290719565.01014465,839197353.9395591
2019,12,60,1,235294390.91005757,1223895024.9386423
2019,12,60,2,275804619.2401298,941695483.1090399
2019,12,70,1,190049396.0400003,939699469.3490214
2019,12,70,2,232752795.94008204,922404679.7888654
2019,12,80,1,127357862.17996913,720190759.1596591
2019,12,80,2,230963336.00004095,1124316234.1986327
2019,12,99,0,1030.11,244613290.31000006
2019,12,99,1,305228.83999999915,11769899.390000049
2019,12,99,2,317147.54999999714,7875103.610000043
2020,1,0,0,7.5,433.34000000000003
2020,1,0,1,216875124.44995382,608619250.9592279
2020,1,0,2,223664437.41995195,565402954.1792713
2020,1,20,1,77243965.44000037,249553220.92987838
2020,1,20,2,126022369.69002192,398511118.4494201
2020,1,30,1,108321093.48001432,357171282.54969054
2020,1,30,2,177932913.12998223,595373223.8691118
2020,1,40,1,154877695.64997065,515828085.1893966
2020,1,40,2,211776177.05998757,663716846.7588738
2020,1,50,1,208435255.84995952,804032975.0982139
2020,1,50,2,258639749.83997437,892725998.6878026
2020,1,60,0,0.0,3850.0
2020,1,60,1,229402497.6099462,1431877886.0664234
2020,1,60,2,272916182.439961,1051148637.9068904
2020,1,70,1,200524171.20987236,1068140123.467887
2020,1,70,2,249190337.39983603,1063377776.0877136
2020,1,80,1,130132182.76997778,791795578.4489262
2020,1,80,2,237069488.26984885,1235204587.7869987
2020,1,99,0,11900.64,852617615.0200018
2020,1,99,1,289935.3000000017,58559432.539999984
2020,1,99,2,336192.5200000017,69304266.32999994
2020,2,0,0,49.59,132.91
2020,2,0,1,215291523.24990126,572652231.4494491
2020,2,0,2,226705417.24989873,547213254.1993749
2020,2,20,1,78714412.34000249,236679398.34991685
2020,2,20,2,129414277.96003333,380759724.35949373
2020,2,30,1,110779670.62002303,340450468.339767
2020,2,30,2,180405819.68997505,564501054.4792151
2020,2,40,1,163057155.8299719,491375117.29951507
2020,2,40,2,227285837.6399488,643551678.219016
2020,2,50,1,222551136.8299243,762790652.488686
2020,2,50,2,280427102.49992937,859971444.2382725
2020,2,60,1,232025268.95991987,1077663377.9377568
2020,2,60,2,279396259.2799237,977705567.5276153
2020,2,70,1,196890251.46987623,973702791.0786633
2020,2,70,2,247404260.19983184,976063288.9883682
2020,2,80,0,401.85999999999996,1445.31
2020,2,80,1,124777385.66999322,725473575.3093851
2020,2,80,2,224070973.32986522,1124259483.628331
2020,2,99,0,5485.16,5786653.640000001
2020,2,99,1,271587.7900000016,2198298.1700000647
2020,2,99,2,323816.9600000004,1887467.1300000781
2020,3,0,0,9.0,19.08
2020,3,0,1,152502725.36997154,443662094.40963876
2020,3,0,2,160566490.6999675,409047771.0495805
2020,3,20,1,55651689.53998664,195954390.3399561
2020,3,20,2,93296436.74999999,314848993.6096928
2020,3,30,1,79874410.90999776,288692765.95986223
2020,3,30,2,131904230.96002011,479706537.36928755
2020,3,40,1,117477731.30000253,420980721.70957965
2020,3,40,2,159783538.76998743,528983095.7493093
2020,3,50,1,159223351.7099743,664652786.5589619
2020,3,50,2,195398166.8299707,708246009.0186878
2020,3,60,0,0.0,13.9
2020,3,60,1,170274700.56997415,1025558990.1777495
2020,3,60,2,198407946.1699724,824418297.5980394
2020,3,70,1,147805595.78993988,885070118.6886938
2020,3,70,2,182261320.45989498,841156403.7486116
2020,3,80,0,8.219999999999999,159.44
2020,3,80,1,99857345.23997602,674009374.6594313
2020,3,80,2,186378389.83990237,1035133041.188466
2020,3,99,0,695.2900000000001,7105629.169999998
2020,3,99,1,224739.96000000095,2273287.2700000596
2020,3,99,2,260131.70999999996,1702005.4900000633
2020,4,0,0,0.0,464.0
2020,4,0,1,68973840.24995816,248467665.71000782
2020,4,0,2,73520551.65995216,225949038.84997848
2020,4,20,1,24156995.620004386,121612239.38004419
2020,4,20,2,46967637.17997853,214600323.55993772
2020,4,30,1,35708721.49999968,193247643.53998312
2020,4,30,2,65223886.03997515,344534364.2296624
2020,4,40,1,48546783.679988556,279343446.57991016
2020,4,40,2,62673814.95997809,338219662.7497368
2020,4,50,1,66385204.85997414,455528587.59940565
2020,4,50,2,73999864.8099714,445426691.6994227
2020,4,60,1,74722701.15997204,825616711.5678761
2020,4,60,2,77703201.62996759,533258070.0192083
2020,4,70,1,70184112.27994876,653297027.5189306
2020,4,70,2,80879302.1999304,574257151.3092489
2020,4,80,1,59484494.17997116,544822551.5395461
2020,4,80,2,123498591.76991488,850046538.2583411
2020,4,99,0,143.33999999999997,9655599.559999993
2020,4,99,1,141998.27000000086,2419528.8700000597
2020,4,99,2,132617.1200000006,2023862.7400000908
2020,5,0,0,7.5,836.77
2020,5,0,1,150338936.2799911,400323699.3097045
2020,5,0,2,164667947.84999853,385870009.84964204
2020,5,20,0,0.0,73.76
2020,5,20,1,52459977.86998503,177788202.22997725
2020,5,20,2,88801163.75999023,297761110.539729
2020,5,30,1,74115157.24998762,266656294.279913
2020,5,30,2,121701066.15001044,460728846.0393853
2020,5,40,1,110500857.06999981,392879228.7096241
2020,5,40,2,149082338.42000115,502454690.8193852
2020,5,50,1,155794294.23999947,623720421.0489318
2020,5,50,2,186774217.53999484,662632215.7687507
2020,5,60,0,0.0,33162.0
2020,5,60,1,167074756.5299927,1589100618.1852436
2020,5,60,2,190187418.4299979,769409893.5280863
2020,5,70,1,145271065.65994206,835666225.5584797
2020,5,70,2,177102804.32990965,796229396.9285052
2020,5,80,1,103410995.949969,661641617.859249
2020,5,80,2,196740266.18989405,1045113420.9280213
2020,5,99,0,120.0,8516301.389999999
2020,5,99,1,218638.68000000116,3071132.140000019
2020,5,99,2,197478.14000000077,1460378.490000061
2020,6,0,0,0.0,188.05
2020,6,0,1,205173835.7299694,541018656.2596207
2020,6,0,2,220801244.5099681,517476027.8895453
2020,6,20,1,82192621.59000334,243448718.73991165
2020,6,20,2,135567852.69002807,398336529.93948233
2020,6,30,1,115674947.73001832,348429114.4097663
2020,6,30,2,187588231.4699775,592429906.9092946
2020,6,40,1,176110815.71997228,516266242.2795115
2020,6,40,2,244525289.40996003,680691915.9290826
2020,6,50,0,0.0,27.0
2020,6,50,1,249083814.23993725,814612141.9485537
2020,6,50,2,310489091.01989514,909345877.0682122
2020,6,60,0,0.0,9387.0
2020,6,60,1,259804583.85994178,1878855325.665357
2020,6,60,2,312635063.1098888,1041680064.127505
2020,6,70,1,219769541.29987475,1057174012.8483292
2020,6,70,2,276364339.5498397,1051834313.1382166
2020,6,80,0,401.85999999999996,1445.31
2020,6,80,1,136165334.5499847,781554617.5491384
2020,6,80,2,245908852.31984684,1214742199.5472422
2020,6,99,0,358.5,183881699.83999994
2020,6,99,1,283085.4800000015,15743160.679999765
2020,6,99,2,294663.05000000005,14190098.68999961
2020,7,0,0,11545.480000000003,58042.970000000045
2020,7,0,1,196092397.68996644,521032054.76958364
2020,7,0,2,208352334.66995102,499152734.27945065
2020,7,20,1,87092857.17001718,259865975.0298916
2020,7,20,2,139332235.5100267,413976073.55943495
2020,7,30,1,119081653.69002774,360621121.63974565
2020,7,30,2,190757369.7499597,599128395.2291769
2020,7,40,0,0.0,44.0
2020,7,40,1,175230535.50996506,516621083.0494826
2020,7,40,2,242147753.88995984,672385108.3089862
2020,7,50,1,246671898.62992224,812331095.7087163
2020,7,50,2,306896900.59988064,905589028.1882912
2020,7,60,0,0.0,81.0
2020,7,60,1,249433349.51991314,1381499459.576004
2020,7,60,2,295663557.3198869,1013000187.7877305
2020,7,70,1,212209034.47985002,1042729383.2185818
2020,7,70,2,265825074.2098052,1032180182.9683583
2020,7,80,0,18238.209999999995,51207.380000000005
2020,7,80,1,138371565.01998442,786818522.2093451
2020,7,80,2,253644603.7598371,1231657708.5775466
2020,7,99,0,1143.3999999999999,20759206.01
2020,7,99,1,288898.86000000115,2731325.930000061
2020,7,99,2,316207.1200000001,2278807.5900000622
2020,8,0,0,10515.620000000003,52087.070000000065
2020,8,0,1,156312951.97996342,403986287.18972236
2020,8,0,2,166681709.77996066,394812371.1796224
2020,8,20,0,0.0,76.59
2020,8,20,1,63672458.25998323,219093594.88991797
2020,8,20,2,103326886.62001032,342935852.0096167
2020,8,30,0,0.0,25.0
2020,8,30,1,81211002.08000347,287278635.2898714
2020,8,30,2,131072720.17002936,465968849.62930185
2020,8,40,0,0.0,100.59
2020,8,40,1,117388511.09001143,403620639.8496122
2020,8,40,2,161150608.28996384,508044483.70932573
2020,8,50,1,162063892.56994435,633592163.4591038
2020,8,50,2,198215527.1499615,686167895.5187887
2020,8,60,0,0.0,54.0
2020,8,60,1,161294546.8199468,969884453.3179061
2020,8,60,2,189714845.79995355,783020556.6281519
2020,8,70,1,142276142.5199374,850353762.9586811
2020,8,70,2,177162361.18986666,824806354.1886549
2020,8,80,0,13329.589999999998,43931.22999999999
2020,8,80,1,101659700.16998193,671002367.1594211
2020,8,80,2,193808390.0098607,1061866237.2882863
2020,8,99,0,779.0700000000002,8646668.02
2020,8,99,1,249629.01000000135,2167630.070000061
2020,8,99,2,259510.14000000042,1689376.6900000665
2020,9,0,0,73.59,160.69
2020,9,0,1,221143436.17010507,631918604.0795898
2020,9,0,2,227403310.46010447,577532742.249565
2020,9,20,1,84474795.67002921,282601095.62988764
2020,9,20,2,137745481.4401464,440304156.0794806
2020,9,30,0,0.0,27.0
2020,9,30,1,117792896.08008529,382802813.9397608
2020,9,30,2,192278150.4600929,634766855.3593092
2020,9,40,1,175511015.01006758,542711746.4895998
2020,9,40,2,244474754.38008177,710028386.6791562
2020,9,50,1,236961142.77004528,824537683.2289008
2020,9,50,2,297755429.24012095,931635486.8185761
2020,9,60,1,240670989.88005605,1176784170.7680566
2020,9,60,2,294537581.6201488,1055327120.4280816
2020,9,70,1,207016371.90007845,1064200977.4489377
2020,9,70,2,267305948.22014463,1083217216.0986722
2020,9,80,0,194.92000000000002,1064.4199999999998
2020,9,80,1,130339034.32005382,783017104.079494
2020,9,80,2,239953250.5000655,1226088106.178452
2020,9,99,0,0.0,188176967.46999997
2020,9,99,1,290439.7099999981,13683886.709999513
2020,9,99,2,343633.8699999954,8039499.979999626
2020,10,0,0,721.6100000000001,2536.17
2020,10,0,1,211500537.1501357,609180624.009574
2020,10,0,2,220295058.83015057,569735784.1695395
2020,10,20,1,84048465.01001726,293767649.3998781
2020,10,20,2,139030900.65013704,454558647.0594444
2020,10,30,1,119815801.26007338,399511227.61972046
2020,10,30,2,198263418.33012727,656271687.3191718
2020,10,40,0,0.0,1.7
2020,10,40,1,182489707.27008694,565079604.469531
2020,10,40,2,256521355.87015283,745332462.138996
2020,10,50,0,0.0,76.75999999999999
2020,10,50,1,254226027.11011004,868456457.5487318
2020,10,50,2,317955455.2002314,979862488.0383111
2020,10,60,0,0.0,2956.44
2020,10,60,1,262315373.26012585,1222131929.6771708
2020,10,60,2,318690970.77025974,1106540920.637655
2020,10,70,1,227644394.94012117,1124503507.0485024
2020,10,70,2,289665171.4402516,1134268692.5381432
2020,10,80,0,5275.35,17077.000000000004
2020,10,80,1,140034547.62002933,812183629.8793606
2020,10,80,2,256130521.68013763,1271564523.0577228
2020,10,99,0,1090.23,12850511.350000001
2020,10,99,1,309843.4499999972,3371190.700000066
2020,10,99,2,346700.7699999952,2261448.2200000654
2020,11,0,0,290.0,489.12
2020,11,0,1,209454406.72012782,593546159.9096982
2020,11,0,2,223064542.98015985,555531828.9596107
2020,11,20,1,76826123.9299892,261886252.31991968
2020,11,20,2,130739413.07008587,421760708.0895392
2020,11,30,0,0.0,81.0
2020,11,30,1,114430794.23004153,375058300.10977924
2020,11,30,2,191460601.55013233,630113054.3693241
2020,11,40,0,0.0,205.78
2020,11,40,1,173151067.7800877,539135999.4495921
2020,11,40,2,242352652.96013492,709218103.0191782
2020,11,50,0,0.0,58.05
2020,11,50,1,236886599.83012202,822601586.09881
2020,11,50,2,294787804.09018105,925381369.948483
2020,11,60,0,0.0,52.0
2020,11,60,1,243895205.08013263,1383906124.1066198
2020,11,60,2,293017941.2301924,1041198617.47791
2020,11,70,1,210260284.72010416,1065344536.3285388
2020,11,70,2,264137782.4801866,1051994938.3584167
2020,11,80,1,130509673.86001255,769178141.4893116
2020,11,80,2,239255745.4301369,1210055675.5983055
2020,11,99,0,1200.0,191313518.85000002
2020,11,99,1,281468.909999998,9082650.459999703
2020,11,99,2,327796.38999999675,6989318.799999779
2020,12,0,0,63.0,159.39999999999998
2020,12,0,1,219981386.9000493,593899235.3698441
2020,12,0,2,235095348.4900869,565692556.3797826
2020,12,20,1,83087705.10998121,273223913.56999
2020,12,20,2,135884596.61002412,423529481.0798838
2020,12,30,0,0.0,81.0
2020,12,30,1,119541922.90000165,382142014.34995615
2020,12,30,2,191640909.14005366,611317137.3596113
2020,12,40,0,0.0,54.0
2020,12,40,1,181549033.38003317,544307044.2697703
2020,12,40,2,245158780.60007653,693259664.3795729
2020,12,50,0,0.0,54.0
2020,12,50,1,249450494.20006934,830239225.3495134
2020,12,50,2,299359894.0501386,908295347.6492593
2020,12,60,0,0.0,116669.0
2020,12,60,1,250533604.4300872,2680180820.5074034
2020,12,60,2,292339204.49012107,1012406619.1590009
2020,12,70,1,210134694.68002,1054819705.5893052
2020,12,70,2,256908250.0500763,1021390450.8092773
2020,12,80,1,129484607.11999041,771023026.4598688
2020,12,80,2,232075250.90004298,1193191138.9693482
2020,12,99,0,102078.55999999998,245520446.3799998
2020,12,99,1,292865.95999999926,12599334.019999925
2020,12,99,2,313363.159999998,10803389.58999978
2021,1,0,0,48.0,221.76
2021,1,0,1,203572120.69013345,585709566.0994488
2021,1,0,2,215908330.03013983,552660967.2493992
2021,1,20,1,78630080.04001069,271014190.3498503
2021,1,20,2,131825119.48014927,431406428.1694021
2021,1,30,1,112591004.7600843,382752137.08965546
2021,1,30,2,185595431.4101495,631889722.759137
2021,1,40,0,0.0,81.0
2021,1,40,1,166403630.1300945,541041390.8094839
2021,1,40,2,227883452.16009703,703030747.9589988
2021,1,50,0,0.0,1710.98
2021,1,50,1,227342801.16005993,833640103.7786851
2021,1,50,2,274585368.7001259,920010730.2084379
2021,1,60,0,0.0,81.0
2021,1,60,1,235522187.91008434,1554195118.856021
2021,1,60,2,275651663.6301468,1049395337.2978346
2021,1,70,1,209243571.95008066,1104479984.3284316
2021,1,70,2,255047580.29015356,1081762846.5885327
2021,1,80,1,126631266.98004478,788306761.8793848
2021,1,80,2,229194557.7701103,1229670099.0680017
2021,1,99,0,220916.65,1175807275.2699997
2021,1,99,1,292836.83999999776,89032368.17999965
2021,1,99,2,321145.3599999947,90282721.21999973
2021,2,0,0,-21.92,132.99
2021,2,0,1,198350893.28018644,568495295.9893807
2021,2,0,2,212064797.93022904,545756598.3893523
2021,2,20,1,77728742.62000433,264080889.83987024
2021,2,20,2,131686838.00011677,422368487.78931266
2021,2,30,0,0.0,27127.940000000002
2021,2,30,1,111422123.7000586,369945317.0196467
2021,2,30,2,184467746.5101561,614347594.4990506
2021,2,40,0,0.0,54.0
2021,2,40,1,165396488.4800843,522172941.20939666
2021,2,40,2,229016827.85018826,684665013.4588825
2021,2,50,0,0.0,257.12
2021,2,50,1,227128336.34014365,797792276.828456
2021,2,50,2,281019118.76022804,893539145.8982233
2021,2,60,0,0.0,88.06
2021,2,60,1,236537828.69015485,1176629730.8968952
2021,2,60,2,277259876.1202253,994117880.4375724
2021,2,70,0,0.0,130.04
2021,2,70,1,206013667.45012978,1031473696.5982159
2021,2,70,2,250211935.0502023,1011282295.7981899
2021,2,80,0,0.0,44.06
2021,2,80,1,120033469.48001923,723709248.5491612
2021,2,80,2,213617595.8601607,1124513707.6178768
2021,2,99,0,34.66,13745736.039999997
2021,2,99,1,300233.95999999787,2085190.1200000623
2021,2,99,2,301798.3599999952,1800267.1700000784
2021,3,0,0,0.0,1346.02
2021,3,0,1,234253305.46007374,707183186.8891723
2021,3,0,2,249573233.76007164,665614076.3991854
2021,3,20,1,91596042.7900524,314787789.9298398
2021,3,20,2,153849658.88009268,499561813.73942095
2021,3,30,0,0.0,27.0
2021,3,30,1,131991420.53011441,439716528.0897082
2021,3,30,2,219219281.95004743,733658987.9592097
2021,3,40,0,0.0,54.0
2021,3,40,1,195368138.73005912,620211401.2393426
2021,3,40,2,275530610.0900817,821719017.7389907
2021,3,50,0,0.0,96.06
2021,3,50,1,267212915.74001306,946415045.2087146
2021,3,50,2,336078226.3101657,1071560046.8784207
2021,3,60,0,0.0,1423.24
2021,3,60,1,282250192.01003945,1556915045.6065166
2021,3,60,2,338976638.5801771,1213310392.5972862
2021,3,70,0,0.0,88.12
2021,3,70,1,253678281.7400436,1249529381.907898
2021,3,70,2,310335165.48020095,1232655349.5977204
2021,3,80,1,146076257.1800408,853840872.5495441
2021,3,80,2,257845095.96005985,1316307480.977731
2021,3,99,0,98.58000000000001,22513845.61
2021,3,99,1,320040.83999999845,2561592.230000041
2021,3,99,2,364830.22999999666,2209657.6800000505
2021,4,0,0,0.0,153.5
2021,4,0,1,195467411.29008088,579812108.0493655
2021,4,0,2,208360624.7900992,553319909.7193689
2021,4,20,1,84608400.2100432,293101052.8898461
2021,4,20,2,141094860.34010103,457130492.80933917
2021,4,30,1,118812256.76009156,400736628.1196695
2021,4,30,2,195431369.86008233,658768935.1092824
2021,4,40,1,176250991.04003787,562812370.3794116
2021,4,40,2,245200116.7600919,735684666.5390056
2021,4,50,1,247300394.41004285,870873276.8885642
2021,4,50,2,307845276.1801669,977426877.9383559
2021,4,60,0,0.0,600.0
2021,4,60,1,254835852.55006266,1343410829.8669758
2021,4,60,2,300695978.43018526,1084026797.7078044
2021,4,70,1,226129229.85006648,1127305669.9181817
2021,4,70,2,278160464.1101679,1108343744.2982683
2021,4,80,1,135059378.49004602,788404499.8092809
2021,4,80,2,243693947.19007254,1224212935.3079937
2021,4,99,0,2060.21,10956774.279999996
2021,4,99,1,280560.9899999976,3750793.6200000374
2021,4,99,2,307623.5399999974,2618443.230000075
2021,5,0,0,13.610000000000003,212.0
2021,5,0,1,200817047.03009352,608133871.7094238
2021,5,0,2,212796232.67009848,570412594.6993767
2021,5,20,1,79464699.0500213,270286166.31988645
2021,5,20,2,129651450.33014812,422678962.74944663
2021,5,30,1,112041620.38008964,374000606.47971755
2021,5,30,2,184765185.8101008,623227853.9693786
2021,5,40,1,164026167.09006184,524053892.5595241
2021,5,40,2,227398860.97004762,685220456.0791728
2021,5,50,1,228053824.37002847,813502152.0388365
2021,5,50,2,281506434.0100875,902673658.5086136
2021,5,60,1,238052022.99003762,1494613636.886519
2021,5,60,2,285368514.6301164,1032134229.3281614
2021,5,70,1,219983188.4600696,1096624043.578875
2021,5,70,2,273437018.35013187,1079324547.9488266
2021,5,80,0,1326.2400000000002,4130.64
2021,5,80,1,137056760.84005445,776028442.0695263
2021,5,80,2,255297282.11007458,1211164439.6485143
2021,5,99,0,259.17,795688.97
2021,5,99,1,297413.2199999993,2315649.350000045
2021,5,99,2,311347.1599999974,1820144.0000000447
2021,6,0,0,438.87,987.5
2021,6,0,1,239768742.03011927,676236216.1093107
2021,6,0,2,246511910.7201087,623687408.6993594
2021,6,20,0,0.0,124.36000000000001
2021,6,20,1,92653415.96004505,296017226.2498242
2021,6,20,2,146906044.39015192,457430680.88943434
2021,6,30,1,128998528.41009814,403588067.52971363
2021,6,30,2,211721100.02008286,677298282.6291384
2021,6,40,1,190615921.71005163,571343077.9894515
2021,6,40,2,266970144.57010293,759674380.7390072
2021,6,50,1,265727600.66005835,889258159.0485559
2021,6,50,2,336767645.49019504,1014038324.2483414
2021,6,60,1,277680406.17006713,1602137002.0457394
2021,6,60,2,339254006.0602366,1159082254.6173358
2021,6,70,1,248949664.1600917,1211182064.7578192
2021,6,70,2,317735263.24030787,1211217518.4577634
2021,6,80,0,5600.410000000001,20814.899999999998
2021,6,80,1,146397426.52004725,835756365.6993036
2021,6,80,2,263572521.20010504,1285168377.9478118
2021,6,99,0,5869.87,184405669.32999995
2021,6,99,1,312248.5599999973,21818503.83999983
2021,6,99,2,340274.9099999957,5082295.199999885
2021,7,0,0,13450.52,64017.099999999984
2021,7,0,1,196266702.8901751,560222204.9593682
2021,7,0,2,203429212.28021,529447007.6893449
2021,7,20,0,272.90999999999997,273.15
2021,7,20,1,85808936.62002148,308554281.0497529
2021,7,20,2,133805201.40011437,458596926.0991785
2021,7,30,0,0.0,3.96
2021,7,30,1,115625276.48006165,390393978.08958966
2021,7,30,2,181529876.05016074,620692365.968896
2021,7,40,1,166742759.22010523,528515412.7793176
2021,7,40,2,226302480.53019762,674722668.6387687
2021,7,50,1,238658341.09014592,820500399.1384194
2021,7,50,2,291215333.3402661,906887467.6482598
2021,7,60,0,0.0,1650.0
2021,7,60,1,239885816.7201574,1291764479.3562274
2021,7,60,2,282617028.5602533,1014798564.9176623
2021,7,70,1,214914146.82013336,1092162262.958265
2021,7,70,2,266053574.40026653,1067157185.9082376
2021,7,80,0,19657.110000000008,57294.32000000004
2021,7,80,1,134101272.61001927,786776634.8590341
2021,7,80,2,245628306.72019416,1213126959.4974954
2021,7,99,0,44.25,8957574.67
2021,7,99,1,258022.63999999853,3413853.620000035
2021,7,99,2,295968.01999999624,2873617.7700000503
2021,8,0,0,11914.510000000002,57538.31999999999
2021,8,0,1,154455335.5301014,441193401.57973105
2021,8,0,2,161872983.63011938,423957368.8096361
2021,8,20,1,65820373.289984755,291665831.07978386
2021,8,20,2,103431829.87008823,421489639.90945417
2021,8,30,1,80660826.87001139,347091514.07970136
2021,8,30,2,128991582.3901331,539517577.2493179
2021,8,40,1,113215186.46007186,438969481.6595817
2021,8,40,2,156168160.08012882,549979101.779354
2021,8,50,1,156796367.79010338,660491198.0490808
2021,8,50,2,192832602.20012176,722361988.0388365
2021,8,60,0,0.0,250.0
2021,8,60,1,158532024.42011824,1062115308.058179
2021,8,60,2,185454558.76014847,818184379.6885045
2021,8,70,1,147561685.61007,926467147.1289153
2021,8,70,2,182329464.01010776,887399350.1288427
2021,8,80,0,11790.670000000002,34454.13
2021,8,80,1,99066826.66000529,690234131.0494845
2021,8,80,2,189159771.89008668,1077599300.258986
2021,8,99,0,52.890000000000015,513821.26999999996
2021,8,99,1,208707.01999999932,2147577.4500000444
2021,8,99,2,202779.4699999992,1582148.750000046
2021,9,0,0,0.0,539.0
2021,9,0,1,230529407.59018263,651880994.5391709
2021,9,0,2,235197521.63020396,597475090.5892533
2021,9,20,1,87976809.3700273,319395472.8597387
2021,9,20,2,138719903.52012238,476833378.19924355
2021,9,30,1,119286646.79006866,415655318.63957804
2021,9,30,2,191797085.89014608,676094817.1388823
2021,9,40,1,175554563.56010526,563125350.7593182
2021,9,40,2,241322445.92016503,727535853.5988479
2021,9,50,1,243091681.44014713,859836421.568499
2021,9,50,2,298378280.73024493,959503434.8782898
2021,9,60,1,246034510.59015882,1294989740.9664779
2021,9,60,2,293094336.73024887,1087169548.9275985
2021,9,70,1,221235457.0401664,1155502569.748009
2021,9,70,2,280457707.17026806,1156338426.117929
2021,9,80,0,850.8000000000001,2832.5299999999997
2021,9,80,1,133355614.43002334,807520658.6791433
2021,9,80,2,240709230.05016285,1241842061.5876381
2021,9,99,0,11147.75,192252095.53999996
2021,9,99,1,245909.49999999933,9175010.69999969
2021,9,99,2,276141.70999999705,8220864.969999671
2021,10,0,0,453.33,2574.48
2021,10,0,1,231698297.56012794,667733494.1993062
2021,10,0,2,237049389.14012998,616856509.9093448
2021,10,20,1,87749275.24003358,290244451.4398254
2021,10,20,2,140248969.46015897,449589947.9694279
2021,10,30,1,121800989.53008778,394657307.0296731
2021,10,30,2,197115631.9701389,656201392.1991292
2021,10,40,0,0.0,2.0
2021,10,40,1,178284508.83010128,546502827.2295628
2021,10,40,2,249475325.36012757,722122340.7290632
2021,10,50,1,253049779.4800982,853398916.9488356
2021,10,50,2,314596062.17020756,966567819.668559
2021,10,60,0,0.0,250.0
2021,10,60,1,263786136.16010985,1265552448.56739
2021,10,60,2,317752155.7002144,1109678080.2580523
2021,10,70,1,240395733.10013828,1182557393.23848
2021,10,70,2,302147999.32027936,1183137987.8082907
2021,10,80,0,3675.0,13820.239999999998
2021,10,80,1,142712361.21004373,820029355.8994086
2021,10,80,2,257400940.06013492,1259404701.6083648
2021,10,99,0,2975.31,8382744.240000001
2021,10,99,1,257064.93999999852,3437509.380000058
2021,10,99,2,273943.45999999833,2654044.4300000533
2021,11,0,0,134.01,2373.44
2021,11,0,1,230680469.21014777,665523078.5393801
2021,11,0,2,238269804.95016167,620131410.8894259
2021,11,20,1,83254318.34000315,273509746.79987234
2021,11,20,2,133442264.70009725,426684328.20945853
2021,11,30,1,115923697.51005065,380042501.58973145
2021,11,30,2,188203802.3201351,629884378.8291925
2021,11,40,1,171873204.66008213,532596033.40950024
2021,11,40,2,238339723.71014154,698355933.949085
2021,11,50,0,0.0,118.72
2021,11,50,1,241360988.72011194,836323725.908696
2021,11,50,2,299617991.40018344,940288341.6584742
2021,11,60,1,260591085.5901263,1311091775.8271253
2021,11,60,2,309919346.82020193,1103046216.357795
2021,11,70,1,242181674.6301321,1193424862.0283668
2021,11,70,2,301978152.00024235,1188379321.5884025
2021,11,80,0,131.51999999999998,331.08
2021,11,80,1,143076266.1000175,815503472.9292299
2021,11,80,2,258072433.38014436,1245776643.2884223
2021,11,99,0,106830.66999999998,174380396.16
2021,11,99,1,259300.63999999812,26870713.099999655
2021,11,99,2,260104.6399999979,6441017.829999872
2021,12,0,0,151.0,489.19
2021,12,0,1,235238181.610089,742678137.9196773
2021,12,0,2,243055355.9301014,697824912.9396223
2021,12,20,0,0.0,59.65
2021,12,20,1,86170050.37997974,325474488.23996407
2021,12,20,2,134764453.51001957,483786298.8196938
2021,12,30,1,118647314.72000422,425683421.75988823
2021,12,30,2,184574855.30005127,663510305.5894914
2021,12,40,1,177431052.07003787,574887966.769686
2021,12,40,2,235601189.74006942,726202262.0594845
2021,12,50,1,249446687.05007607,873590321.3093613
2021,12,50,2,296779397.84012777,955387961.60912
2021,12,60,0,0.0,225.0
2021,12,60,1,258784912.79009333,2327232946.5078874
2021,12,60,2,294754745.9001293,1071841357.1287577
2021,12,70,1,233855141.03003532,1165874634.7391064
2021,12,70,2,276887698.1901045,1117811211.2790887
2021,12,80,1,136816146.11998755,800980507.0897084
2021,12,80,2,242705293.89004463,1213923477.6691906
2021,12,99,0,5104.219999999999,245498603.08
2021,12,99,1,252881.82999999958,17193155.03999986
2021,12,99,2,285161.3799999978,7053426.059999923
2022,1,0,0,0.0,25.0
2022,1,0,1,212207278.2401701,849666875.5985792
2022,1,0,2,219257731.01018256,801641785.9987146
2022,1,20,0,0.0,75.07
2022,1,20,1,82869344.15003324,349334081.9197698
2022,1,20,2,132230104.82015383,525301452.6792128
2022,1,30,0,24.410000000000004,92.4
2022,1,30,1,113707775.6300954,453597547.1295862
2022,1,30,2,182492120.2001261,731300836.8188012
2022,1,40,0,0.0,31.59
2022,1,40,1,165497349.2700931,605102421.5191609
2022,1,40,2,224310698.48015928,792524019.4686666
2022,1,50,0,0.0,3.7
2022,1,50,1,232258133.1701485,903116432.9683664
2022,1,50,2,279952248.2902151,1011456287.7380763
2022,1,60,0,0.0,991.9399999999999
2022,1,60,1,247644264.53017163,1809230357.5553224
2022,1,60,2,287260301.090245,1133468543.187007
2022,1,70,1,230076739.24016598,1216693413.69699
2022,1,70,2,280521013.7702817,1189624579.7071407
2022,1,80,0,233.45,1028.24
2022,1,80,1,135705615.07004324,829902606.3491201
2022,1,80,2,241900629.6101762,1260104917.2369294
2022,1,99,0,90729.42,1067251281.39
2022,1,99,1,280336.5799999978,78746784.75999945
2022,1,99,2,274683.07999999705,80044628.75999942
2022,2,0,0,161.17000000000002,1807.4399999999998
2022,2,0,1,201950251.94008484,607514361.7793133
2022,2,0,2,210988233.5300653,572605408.8193852
2022,2,20,1,80610999.84003493,277062006.89988405
2022,2,20,2,129125386.41017267,427297076.42945963
2022,2,30,1,109710053.0701005,371427485.9997801
2022,2,30,2,178480654.2100813,617398692.0894264
2022,2,40,1,160784544.90007958,508817975.9495733
2022,2,40,2,225323718.6500943,684866764.5692574
2022,2,50,0,0.0,1446.81
2022,2,50,1,228682727.9700851,796441169.8590062
2022,2,50,2,285048488.7801276,908100644.678801
2022,2,60,0,0.0,3.45
2022,2,60,1,238887726.5500908,1275554427.507012
2022,2,60,2,283877214.0701135,1021239589.53848
2022,2,70,1,220037866.5201032,1110653272.6187413
2022,2,70,2,270541489.0701636,1087122990.2588255
2022,2,80,0,415.88999999999993,2669.39
2022,2,80,1,125770859.89005564,753757313.2496126
2022,2,80,2,221844558.5700956,1140048169.9586504
2022,2,99,0,1124.89,9379636.59
2022,2,99,1,233039.88999999862,2135718.970000058
2022,2,99,2,248106.17999999778,1749313.3700000525
2022,3,0,0,19.189999999999998,112.13
2022,3,0,1,256934952.1001266,731816492.1191633
2022,3,0,2,265537973.29009992,681938719.9591831
2022,3,20,1,95755179.35006033,311710819.46986395
2022,3,20,2,153660158.05012098,486102018.1293736
2022,3,30,1,132619664.97011529,425942466.02969193
2022,3,30,2,215827405.44010666,711458610.5492963
2022,3,40,1,196068429.55008128,601060112.4894557
2022,3,40,2,273142773.65009165,803023839.1791719
2022,3,50,1,275046950.760083,938808115.9189636
2022,3,50,2,343535555.78019583,1072615284.918681
2022,3,60,1,294643198.07009876,1487759489.86666
2022,3,60,2,351972008.48023766,1234674513.9777493
2022,3,70,1,273569584.9301187,1340702400.4077892
2022,3,70,2,340359528.08029956,1324600485.4378417
2022,3,80,0,394.62,993.24
2022,3,80,1,152891335.5900505,892849088.0194618
2022,3,80,2,268648555.75010973,1338218873.7179449
2022,3,99,0,11176.899999999998,2304981.890000001
2022,3,99,1,255002.35999999844,2424517.2900000373
2022,3,99,2,273313.0899999987,1941466.2800000655
2022,4,0,0,244.2,710.5
2022,4,0,1,221631699.18012542,619322363.8193356
2022,4,0,2,229452731.93012583,579337880.1393403
2022,4,20,0,0.0,31.59
2022,4,20,1,84728186.30002901,274529496.149909
2022,4,20,2,134038786.28014927,425162554.02947515
2022,4,30,1,114723252.66008504,372437883.2197614
2022,4,30,2,184617694.36013135,616946561.9492525
2022,4,40,1,165838785.97008902,518850408.27951163
2022,4,40,2,230862625.0501333,687472634.0591626
2022,4,50,0,0.0,136.65
2022,4,50,1,235479634.1401149,820049598.8690435
2022,4,50,2,292103800.980192,925336346.55874
2022,4,60,1,246851811.05013484,1371272879.9966998
2022,4,60,2,293700225.7902029,1056165063.5982723
2022,4,70,1,229106617.16014132,1167529110.6986067
2022,4,70,2,286522936.89023674,1145344871.8284986
2022,4,80,0,4618.910000000001,17927.85
2022,4,80,1,133851063.64004584,802099099.3495194
2022,4,80,2,239695356.17014396,1209685628.7878468
2022,4,99,0,133.63000000000002,17282847.24
2022,4,99,1,232836.07999999833,3449889.4200000344
2022,4,99,2,250791.11999999787,2103265.3500000834
2022,5,0,0,135.25,540.44
2022,5,0,1,228552574.5101628,624015585.7993287
2022,5,0,2,233467742.3101723,574539325.2393569
2022,5,20,0,40.0,100.0
2022,5,20,1,88671930.04003565,277723884.93989486
2022,5,20,2,137327247.91014645,427887987.6494142
2022,5,30,1,121786596.21008995,381448361.5697208
2022,5,30,2,194991304.39013994,636978493.1591893
2022,5,40,0,0.0,1299.6
2022,5,40,1,173972120.7101043,533097850.41945213
2022,5,40,2,243163352.0901597,712292395.4591421
2022,5,50,0,0.0,40.0
2022,5,50,1,246673143.15013266,847691754.5188395
2022,5,50,2,307301632.9402454,962129742.5785387
2022,5,60,1,260619175.6401481,1350765485.6063592
2022,5,60,2,315045137.4002733,1121740757.0276957
2022,5,70,1,246709893.36015996,1242629359.0074544
2022,5,70,2,312036291.3203557,1230097461.1975818
2022,5,80,0,2035.5800000000002,5529.22
2022,5,80,1,143563085.74004912,844904031.3194627
2022,5,80,2,259981579.73018503,1275116033.3777964
2022,5,99,0,122.92999999999999,1203581.92
2022,5,99,1,273479.09999999776,2183937.120000066
2022,5,99,2,274820.30999999604,1835948.940000072
2022,6,0,0,8109.639999999999,39048.86999999999
2022,6,0,1,242487934.51021808,666045704.3591114
2022,6,0,2,246620853.26024067,610765097.1191708
2022,6,20,1,90154605.86003414,283120610.0898789
2022,6,20,2,139354312.04012623,434631742.36932594
2022,6,30,1,123388953.05007413,387523985.8896496
2022,6,30,2,198433089.08017275,646480691.7890005
2022,6,40,0,0.0,1531.26
2022,6,40,1,179873831.87010702,543955448.0994065
2022,6,40,2,249660963.77019066,723446936.2589469
2022,6,50,0,0.0,2448.68
2022,6,50,1,256037889.200167,866399239.3684579
2022,6,50,2,317832347.66029036,980697553.8882974
2022,6,60,0,45.18,46.52
2022,6,60,1,267594245.8501871,1383099006.125695
2022,6,60,2,321158160.5903317,1129698079.2372572
2022,6,70,1,248344423.480207,1246490199.3669872
2022,6,70,2,313852321.590398,1234097577.486969
2022,6,80,0,1997.6800000000005,6836.9800000000005
2022,6,80,1,144912217.8000406,851126509.0690475
2022,6,80,2,260492450.36021313,1280316147.4969704
2022,6,99,0,737.0100000000001,182697042.31
2022,6,99,1,263212.7099999978,10812905.109999932
2022,6,99,2,270213.5499999961,20586651.41999964
2022,7,0,0,34150.680000000015,103308.61
2022,7,0,1,201756810.59019205,555415025.2994542
2022,7,0,2,206765227.39021137,518827477.8294393
2022,7,20,0,211.57000000000005,520.46
2022,7,20,1,84746249.49002278,272324145.1599123
2022,7,20,2,128744835.31011564,408531590.9894119
2022,7,30,0,0.0,268.8
2022,7,30,1,112933301.9300603,359736362.2297338
2022,7,30,2,173990334.0501568,576463610.6791849
2022,7,40,0,371.96000000000004,914.98
2022,7,40,1,161798492.00009972,494602572.95948267
2022,7,40,2,217128345.05017695,635031853.9190465
2022,7,50,1,235031955.36015218,793012019.798652
2022,7,50,2,283408225.6902585,877322544.2784753
2022,7,60,0,377.11,601.51
2022,7,60,1,234578191.08017862,1287076174.9364522
2022,7,60,2,271762623.4202474,988416341.5979052
2022,7,70,1,213347117.8201804,1118826890.3382308
2022,7,70,2,263116942.92029873,1081038037.2183723
2022,7,80,0,24497.89999999999,72982.94000000002
2022,7,80,1,130960644.4600266,793682196.13917
2022,7,80,2,238242336.67022353,1200842340.997283
2022,7,99,0,270.33,8919860.77
2022,7,99,1,231663.48999999935,2569477.8100000364
2022,7,99,2,265278.64999999676,2269981.430000095
2022,8,0,0,11623.520000000002,53924.45
2022,8,0,1,171235980.26010406,452522339.3397633
2022,8,0,2,178732458.58011252,428628560.4397253
2022,8,20,1,69951080.20998378,232953077.19994384
2022,8,20,2,108545322.17010415,354271086.759702
2022,8,30,1,85407600.24003257,299339924.14989614
2022,8,30,2,133888786.33013473,479943897.0895341
2022,8,40,1,117916507.36008213,407639445.1997253
2022,8,40,2,161061929.3401126,517592351.24948597
2022,8,50,0,0.0,7.02
2022,8,50,1,168185626.1800935,665700903.1892692
2022,8,50,2,202998109.05012947,721909989.2890761
2022,8,60,1,169191474.68010494,1139439940.3782585
2022,8,60,2,193040570.3201478,843625130.4987004
2022,8,70,1,160519134.29006484,1014461431.9891652
2022,8,70,2,194317054.82013863,951740716.1091672
2022,8,80,0,13332.739999999994,42265.04999999998
2022,8,80,1,103827101.8600215,738310065.4296315
2022,8,80,2,192901584.51011333,1113477910.2691255
2022,8,99,0,62.900000000000006,234728.97999999998
2022,8,99,1,176368.00999999949,1684451.2300000335
2022,8,99,2,161252.24999999907,1325267.970000029
2022,9,0,0,0.0,75.89
2022,9,0,1,247963748.87016046,667238322.3393992
2022,9,0,2,252147746.50016457,608326780.6794306
2022,9,20,1,91697770.77004465,284887054.42989427
2022,9,20,2,143461133.83016193,436805049.92954355
2022,9,30,1,123693762.46009867,387088394.5397305
2022,9,30,2,197346256.62013167,642038272.8892275
2022,9,40,1,183200096.1501047,548647920.9695677
2022,9,40,2,252485018.57014474,725601342.899263
2022,9,50,1,257955312.48011437,870212571.2390293
2022,9,50,2,314120857.48021334,972424458.9487627
2022,9,60,1,257350238.54013267,1376834289.6268756
2022,9,60,2,306052294.97025824,1112815567.6882606
2022,9,70,1,235740212.1801535,1229711826.5481248
2022,9,70,2,296855751.77032125,1219403153.3180656
2022,9,80,0,211.57000000000005,520.46
2022,9,80,1,136717852.01004535,844539991.0595572
2022,9,80,2,242961424.7101744,1267295567.6082435
2022,9,99,0,57.55999999999999,188185813.12999994
2022,9,99,1,217976.44999999885,6962723.579999806
2022,9,99,2,236360.5199999975,16131348.359999454
2022,10,0,0,7636.5599999999995,39486.75999999999
2022,10,0,1,249582299.54020613,678646278.869219
2022,10,0,2,254620260.93025678,626312019.219199
2022,10,20,0,0.0,27.0
2022,10,20,1,88758036.480018,276934379.6698941
2022,10,20,2,141611900.51011562,428385002.4594001
2022,10,30,0,0.0,34.02
2022,10,30,1,121655075.24006183,380299629.1397334
2022,10,30,2,197604605.7201694,636453533.3991147
2022,10,40,0,24.0,60.0
2022,10,40,1,178889368.78010228,536077647.59946734
2022,10,40,2,251306020.3301871,719687152.7890259
2022,10,50,0,0.0,34.02
2022,10,50,1,259526043.2401552,862351488.2286403
2022,10,50,2,320231187.5202895,978362197.2783904
2022,10,60,1,269736892.44018507,1416991663.6164606
2022,10,60,2,319493052.78031516,1133387679.7176514
2022,10,70,1,250792659.94021088,1258124652.4373784
2022,10,70,2,313310146.57039505,1244393177.3174744
2022,10,80,0,2760.370000000001,52048.399999999994
2022,10,80,1,145019218.61002412,859473982.1191208
2022,10,80,2,257316949.5202218,1287419464.727504
2022,10,99,0,244.44000000000003,10188480.120000001
2022,10,99,1,255789.79999999842,2809773.6700000702
2022,10,99,2,249903.879999997,1864329.2700000505
2022,11,0,0,703.69,1521.0600000000002
2022,11,0,1,255255850.1601584,681657220.7294725
2022,11,0,2,261937376.35017622,627871098.7794517
2022,11,20,1,88211091.170013,272084718.8499284
2022,11,20,2,139810632.41011864,418630056.24957216
2022,11,30,1,121189057.78006433,373475427.9098164
2022,11,30,2,195768062.57013643,624066323.2993166
2022,11,40,1,176034734.41009262,525126223.7895967
2022,11,40,2,248281294.3801633,707832339.2192175
2022,11,50,1,252561047.0601271,847225484.4590639
2022,11,50,2,313702816.620242,961232123.9687873
2022,11,60,1,273597921.0801585,1381256379.2972567
2022,11,60,2,323323264.0302669,1135587361.938296
2022,11,70,1,259189660.05018058,1274862510.3085709
2022,11,70,2,321708125.5303318,1257271576.0483382
2022,11,80,0,211.57000000000005,520.46
2022,11,80,1,148033618.94003645,856724868.7595067
2022,11,80,2,262594949.28016704,1282628075.0087895
2022,11,99,0,420.0,179820628.53999996
2022,11,99,1,245859.51999999877,7179572.719999687
2022,11,99,2,275019.46999999654,22977079.119999815
2022,12,0,0,33.599999999999994,107926.87000000001
2022,12,0,1,249654200.8700915,673271459.4597489
2022,12,0,2,257152565.61013216,621784521.5696915
2022,12,20,1,90418593.8999755,276665080.8100065
2022,12,20,2,139398975.24001744,413548199.18993986
2022,12,30,0,0.0,845.25
2022,12,30,1,121240769.31999879,373541542.1099631
2022,12,30,2,187336098.74004588,592595954.9696283
2022,12,40,1,177820812.34003282,522921400.8898014
2022,12,40,2,238426039.3200777,673155296.3295603
2022,12,50,1,255752046.63008526,841226639.1094521
2022,12,50,2,302316387.8301375,916703161.9192712
2022,12,60,1,261730025.0000942,2378952638.947507
2022,12,60,2,298367910.9201404,1055771006.6289356
2022,12,70,1,241113495.6900503,1203285937.3290758
2022,12,70,2,285418209.6901152,1143562487.7691307
2022,12,80,1,136551406.4899874,827520020.39975
2022,12,80,2,235865364.08004338,1217018236.1992645
2022,12,99,0,0.0,239890987.35000002
2022,12,99,1,240557.54999999973,13373101.029999837
2022,12,99,2,241097.569999999,13429588.589999836
2023,1,0,0,0.0,13.97
2023,1,0,1,241682645.62019163,665305966.6391091
2023,1,0,2,247575504.47020233,612864767.3191266
2023,1,20,1,93222420.23004588,290653663.51983476
2023,1,20,2,146668597.25015634,446730693.04926246
2023,1,30,1,126212280.47009182,398079286.21965677
2023,1,30,2,201936938.04012606,657749767.1990261
2023,1,40,1,181215034.920094,559901090.5693698
2023,1,40,2,248261036.4201365,742703933.9089272
2023,1,50,1,257311618.4101197,904929786.9385173
2023,1,50,2,311503177.66024375,1011922640.1882042
2023,1,60,0,52.510000000000005,981.8199999999999
2023,1,60,1,272108126.3901302,1876030829.0049276
2023,1,60,2,318828281.1502767,1199102763.1370156
2023,1,70,1,257835446.620156,1347558833.9568977
2023,1,70,2,315842949.8503433,1318223756.1869652
2023,1,80,1,145041443.2000432,899853826.3992066
2023,1,80,2,251190973.06015205,1329108908.0573864
2023,1,99,0,6.640000000000001,1003059213.2500005
2023,1,99,1,251224.48999999827,63506817.00999985
2023,1,99,2,258346.23999999606,69791397.82999985
2023,2,0,0,6.759999999999998,408875.43
2023,2,0,1,224335469.5802212,602424435.9191297
2023,2,0,2,233059330.5702513,564768927.6891744
2023,2,20,1,87966171.12001926,265817888.54986644
2023,2,20,2,138304067.0701143,404791606.31929445
2023,2,30,1,117887648.05006234,360663165.8896238
2023,2,30,2,189909697.06015587,595210671.538938
2023,2,40,0,13.940000000000001,34.84
2023,2,40,1,170116207.30009523,505366310.6893717
2023,2,40,2,238123643.89020014,674294122.0788285
2023,2,50,1,243841768.15017083,814562941.2083561
2023,2,50,2,302035485.76028234,919351259.5581686
2023,2,60,1,255264390.27018917,1334811467.0161984
2023,2,60,2,301561541.7403181,1059708793.2775507
2023,2,70,1,236826699.27019396,1191297834.7573144
2023,2,70,2,293018123.4703376,1165439180.207545
2023,2,80,0,181.00000000000023,2081.84
2023,2,80,1,131173376.15001133,793666901.6289846
2023,2,80,2,226154238.94018382,1167188281.3877168
2023,2,99,0,418.28999999999996,6420931.319999999
2023,2,99,1,233177.23999999784,1802377.5800000497
2023,2,99,2,251804.179999996,1690577.9700000628
2023,3,0,0,0.0,18579.98
2023,3,0,1,272768065.1301998,720597589.0891088
2023,3,0,2,282249512.22021735,668187405.2990476
2023,3,20,1,103324235.63006315,307211991.2397725
2023,3,20,2,161394181.2501625,468368898.7893312
2023,3,30,1,140712086.9301079,423649494.5196022
2023,3,30,2,226329316.13011363,700734455.3690121
2023,3,40,1,202460661.7101033,596498231.329315
2023,3,40,2,285640919.8701708,802424550.3589035
2023,3,50,1,289781861.50016284,957842356.7587702
2023,3,50,2,360313441.5703294,1089395769.298271
2023,3,60,0,0.0,7095.170000000001
2023,3,60,1,305973640.69021666,1552400891.64615
2023,3,60,2,368326343.8403568,1273520504.78705
2023,3,70,1,288157096.6202505,1419684017.2969832
2023,3,70,2,362514131.8104696,1407086172.2268953
2023,3,80,0,90.50000000000011,1091.54
2023,3,80,1,157556750.03007135,938650775.8593571
2023,3,80,2,271762199.630161,1372659938.7075026
2023,3,99,0,722.24,8852077.3
2023,3,99,1,254681.90999999823,2192537.6900000526
2023,3,99,2,286356.52999999654,1875482.5900000571
2023,4,0,0,18.15,1809.6
2023,4,0,1,228449575.85022324,600885859.7092111
2023,4,0,2,236714050.67023158,561494339.1391783
2023,4,20,1,87667064.01003483,261335584.89981985
2023,4,20,2,136879117.6901295,399224094.76931435
2023,4,30,1,116926659.37007377,356904176.7096623
2023,4,30,2,185695135.44015804,584955208.5090513
2023,4,40,1,165907458.58009958,496877472.38939404
2023,4,40,2,232428738.08017907,662327427.5488949
2023,4,50,1,240366650.93015966,808525239.278388
2023,4,50,2,299117208.0502698,912230648.0381858
2023,4,60,1,251556277.76017833,1372097148.8359113
2023,4,60,2,300808124.29028344,1062033004.7674202
2023,4,70,1,237421889.35019502,1205756399.2772727
2023,4,70,2,298368227.6203557,1184711583.6273112
2023,4,80,0,7329.3600000000015,23726.56
2023,4,80,1,137110639.1700298,821039641.2489533
2023,4,80,2,243114716.2701944,1214603618.0873814
2023,4,99,0,2138.2400000000007,9424669.819999991
2023,4,99,1,216540.9799999982,3021503.380000027
2023,4,99,2,213761.4399999973,1794572.2800000724
2023,5,0,0,0.0,1609.12
2023,5,0,1,237149556.51022232,625286664.9391838
2023,5,0,2,244155377.17022035,579118822.5692269
2023,5,20,1,90420735.60004504,270854505.1098021
2023,5,20,2,139636103.56013057,413242289.5993432
2023,5,30,0,0.0,787.2
2023,5,30,1,121249983.1500918,370675436.35966575
2023,5,30,2,195118698.93014842,617100831.9390794
2023,5,40,1,172218743.2100967,521387451.6594081
2023,5,40,2,239758941.8001791,691707253.8489468
2023,5,50,1,246500303.9801622,841608389.1285129
2023,5,50,2,304791011.02027345,946627694.5082256
2023,5,60,0,176.76000000000005,505.04
2023,5,60,1,260388022.32018596,1401065387.6264067
2023,5,60,2,315443526.6803179,1121965311.2173746
2023,5,70,0,283.56,718.49
2023,5,70,1,250933297.3902167,1278660355.047261
2023,5,70,2,319462742.13043094,1264561280.5370686
2023,5,80,0,738.04,2608.54
2023,5,80,1,147426930.78003287,871382853.98902
2023,5,80,2,265026272.9302088,1289500044.327472
2023,5,99,0,471.4100000000001,801635.5000000002
2023,5,99,1,278520.8199999974,1944940.900000057
2023,5,99,2,285358.9499999962,1826933.5500000631
2023,6,0,0,0.0,9408.56
2023,6,0,1,257043986.52015606,687985149.7892809
2023,6,0,2,259187727.040156,626044958.4592968
2023,6,20,1,101392912.89008082,297644147.7597701
2023,6,20,2,154241085.6401515,448637393.8693967
2023,6,30,1,135504584.12011942,403676061.1896319
2023,6,30,2,215437988.93011516,667912573.0791813
2023,6,40,1,192986476.97009975,566057669.8794734
2023,6,40,2,268491363.9001429,757439683.9690858
2023,6,50,1,280505164.88015264,917667320.0187962
2023,6,50,2,346545069.38029647,1043800861.8983841
2023,6,60,1,291837854.7701909,1806539104.2952054
2023,6,60,2,351352818.85033536,1213150132.0273619
2023,6,70,0,408.39000000000004,886.6
2023,6,70,1,270513680.7702056,1353260804.3173583
2023,6,70,2,344631984.17043614,1345180660.0471525
2023,6,80,0,2197.1799999999994,7325.8099999999995
2023,6,80,1,151920998.090071,911191311.1993607
2023,6,80,2,265343982.61017293,1335548208.3277533
2023,6,99,0,630.25,191995833.00000006
2023,6,99,1,230498.54999999964,14653127.149999565
2023,6,99,2,245236.2699999985,10102835.839999687
2023,7,0,0,33444.629999999976,169855.11
2023,7,0,1,217266334.8802356,572289025.3292998
2023,7,0,2,223405872.84023896,533081758.37926495
2023,7,20,1,93455157.20005235,275432922.9297875
2023,7,20,2,141775395.4401647,412094845.21931154
2023,7,30,0,0.0,845.25
2023,7,30,1,121842626.9301009,365150674.79963714
2023,7,30,2,187557148.85016516,584783599.4090841
2023,7,40,1,170288190.3401191,504834726.25936735
2023,7,40,2,230585406.40019578,651594502.1089671
2023,7,50,1,250491837.35018003,822068764.2985728
2023,7,50,2,303707491.75030696,913580599.9082457
2023,7,60,0,0.0,24.0
2023,7,60,1,251949018.47017947,1480681936.9753485
2023,7,60,2,293536331.1302811,1048828082.0876733
2023,7,70,1,231675443.90021604,1200994502.4676218
2023,7,70,2,286342176.2803564,1159655942.7378194
2023,7,80,0,32195.230000000003,87989.32999999997
2023,7,80,1,137338127.76003572,838110250.8892237
2023,7,80,2,244243581.73020798,1236061041.7477446
2023,7,99,0,225.35000000000002,7412255.92
2023,7,99,1,204142.17999999903,2621333.2100000707
2023,7,99,2,209727.35999999766,2013953.8800000704
2023,8,0,0,11691.449999999997,57482.330000000016
2023,8,0,1,180171231.870221,467405556.8194131
2023,8,0,2,186800853.5202529,442259228.25934625
2023,8,20,1,76102670.5999939,238774157.31983778
2023,8,20,2,118681334.4601023,364024444.9693311
2023,8,30,1,92591727.65003242,311118472.4796902
2023,8,30,2,143752401.43014193,494768369.1390576
2023,8,40,1,125323608.3700721,419000106.84942466
2023,8,40,2,172769217.030172,537390459.6890892
2023,8,50,1,180647374.89014485,689340223.6685269
2023,8,50,2,219034118.86023232,755434260.3083347
2023,8,60,1,181009332.49015403,1199955508.536748
2023,8,60,2,207798217.22022653,885292757.5477151
2023,8,70,1,172296077.68012002,1081422140.0381558
2023,8,70,2,210685346.19026244,1016793683.1681218
2023,8,80,0,9438.120000000003,25309.750000000004
2023,8,80,1,108369791.14000563,779111157.4089651
2023,8,80,2,196005639.88018817,1140481828.2979324
2023,8,99,0,0.0,394994.2
2023,8,99,1,137157.5199999994,1629930.9600000395
2023,8,99,2,143235.32999999914,1249473.4700000393
2023,9,0,0,544.5,1309.2000000000005
2023,9,0,1,261711075.24017173,670044394.459242
2023,9,0,2,266933492.4101558,615455030.6292531
2023,9,20,1,97791104.95006172,289195084.51978195
2023,9,20,2,151075842.95015243,438503496.46932966
2023,9,30,1,129430992.68010801,392280237.17965305
2023,9,30,2,203569553.9601348,637949176.429153
2023,9,40,1,185790999.33010384,547146352.4894344
2023,9,40,2,254480162.310136,719411722.7190185
2023,9,50,1,263061127.2901192,874680823.9087733
2023,9,50,2,319336515.8902336,979117695.7783732
2023,9,60,1,263906334.25014648,1377588144.026752
2023,9,60,2,311762825.2502513,1130343206.5478127
2023,9,70,0,0.0,153.0
2023,9,70,1,241901979.6901679,1273854529.717683
2023,9,70,2,307279021.3703354,1263692196.6975863
2023,9,80,0,0.0,35.0
2023,9,80,1,137046625.14005044,867563308.8693206
2023,9,80,2,240079485.78013965,1269422659.108011
2023,9,99,0,977.1400000000001,189370375.77999994
2023,9,99,1,205264.7499999989,18846848.759999778
2023,9,99,2,187690.8499999984,5153412.369999839
2023,10,0,0,6314.4,32172.09000000001
2023,10,0,1,268480036.0801693,699905815.629116
2023,10,0,2,272944045.70017654,645892547.1590941
2023,10,20,1,99408832.32004914,294692995.3797953
2023,10,20,2,155928765.2401142,449326004.07924235
2023,10,30,1,134424948.74007753,401056866.6996085
2023,10,30,2,213706901.88013783,662461189.419024
2023,10,40,1,190489371.15008846,556992767.4394178
2023,10,40,2,266931410.98015597,747251260.558872
2023,10,50,1,276763787.5701326,906429384.5983694
2023,10,50,2,343624877.4802825,1032734278.2381411
2023,10,60,1,294865864.79019356,1479300666.0459487
2023,10,60,2,348727322.4903326,1216905672.9472075
2023,10,70,1,277049450.9702043,1381783585.4867702
2023,10,70,2,348550098.6104476,1368831020.5667408
2023,10,80,0,2787.5599999999995,12600.019999999999
2023,10,80,1,156351849.740036,930706376.748916
2023,10,80,2,270868898.5001875,1352865735.6671803
2023,10,99,0,645.8699999999999,7904328.549999999
2023,10,99,1,211023.1499999986,2806239.000000055
2023,10,99,2,210188.04999999824,2544766.490000052
2023,11,0,0,500.67,1215.27
2023,11,0,1,268708003.20013213,695924865.9493494
2023,11,0,2,277470586.84011763,647400479.7593162
2023,11,20,1,98505800.57006098,287341178.1598269
2023,11,20,2,153096064.37015373,439882887.20942914
2023,11,30,1,133416947.46009909,395359089.589731
2023,11,30,2,211004575.8101108,649553504.2692027
2023,11,40,1,188973770.50007963,549588056.2595161
2023,11,40,2,262795891.3701185,734533102.499105
2023,11,50,0,60.0,60.0
2023,11,50,1,271539577.04010355,890588869.2688334
2023,11,50,2,333821932.06020516,1008952200.2384322
2023,11,60,1,294900515.02015114,1473396387.5766098
2023,11,60,2,349027570.4102611,1215238840.4176185
2023,11,70,1,282381746.3801918,1380234421.6077778
2023,11,70,2,350446914.69034886,1363748042.2074986
2023,11,80,0,363.0100000000001,831.8000000000001
2023,11,80,1,157556845.48004913,921542474.5693071
2023,11,80,2,272069889.10016036,1335089976.3881893
2023,11,99,0,1039.2700000000002,190480104.32
2023,11,99,1,206704.31999999902,12829457.379999623
2023,11,99,2,240407.2199999979,10353016.759999726
2023,12,0,0,0.0,9061.62
2023,12,0,1,259338502.84016365,674056097.809677
2023,12,0,2,265922090.6601762,620523602.6996081
2023,12,20,1,96712237.36997734,277296134.989966
2023,12,20,2,146638564.2900358,412516853.6198654
2023,12,30,1,128933134.54002082,376687493.0799138
2023,12,30,2,197260652.34006512,598000954.6395079
2023,12,40,1,186011739.13004306,527191184.489715
2023,12,40,2,247595145.68009847,677078647.5494933
2023,12,50,1,268049670.5601107,853534001.0093491
2023,12,50,2,313648147.12016624,927370318.3391533
2023,12,60,0,0.0,281.76
2023,12,60,1,277707527.5901406,1808774438.6382792
2023,12,60,2,313981331.3101829,1084908815.7587078
2023,12,70,1,256834185.41008985,1265874391.8989282
2023,12,70,2,306167134.0101718,1206231560.7488518
2023,12,80,0,337.1600000000001,772.6200000000001
2023,12,80,1,146191704.03999132,867973153.1095713
2023,12,80,2,249213965.7100894,1245317871.6090736
2023,12,99,0,592.6200000000001,240718881.57999998
2023,12,99,1,189624.26999999973,15063876.66
2023,12,99,2,209262.82999999955,25360677.82000004
2024,1,0,0,0.0,82423.73
2024,1,0,1,264278019.87005082,695286379.1589506
2024,1,0,2,272130691.5800385,649893885.3889334
2024,1,20,1,101521273.44011904,305105106.09970933
2024,1,20,2,156956150.9301975,462782579.389188
2024,1,30,1,134851893.68015748,411750693.37961394
2024,1,30,2,211082716.7800409,672039510.0390137
2024,1,40,1,187011077.12007865,567906273.5793699
2024,1,40,2,255966563.29006973,752765274.0788658
2024,1,50,0,0.0,1620.26
2024,1,50,1,266711402.45003697,923929107.2186712
2024,1,50,2,320617043.33014464,1033152733.9082544
2024,1,60,0,0.0,197.99
2024,1,60,1,282112022.54009664,1934181971.6751475
2024,1,60,2,327358062.8802015,1218283806.597088
2024,1,70,0,0.0,74.82
2024,1,70,1,266757730.1501205,1412644975.566715
2024,1,70,2,326327953.7603025,1369881462.2567594
2024,1,80,1,147901265.9600848,943457868.9693166
2024,1,80,2,252098743.95009735,1350297833.9274294
2024,1,99,0,1137.75,83519610.32000002
2024,1,99,1,217880.4200000006,6350333.709999977
2024,1,99,2,215049.979999999,4454167.260000006
2024,2,0,0,20.0,1638.6
2024,2,0,1,252003731.15021887,662217536.9589083
2024,2,0,2,259808413.48023668,623170884.5388783
2024,2,20,1,99708033.11007683,291772395.44976836
2024,2,20,2,156400506.32015878,447071401.949103
2024,2,30,0,11.7,61.0
2024,2,30,1,132618629.45011023,393755735.70956886
2024,2,30,2,211134105.49015105,650340612.1687824
2024,2,40,1,186064235.7600913,543257788.519311
2024,2,40,2,259370719.83016288,732510138.2486861
2024,2,50,1,267595397.00013137,879586452.69835
2024,2,50,2,329631222.2002729,1000608273.8280292
2024,2,60,0,0.0,238.8
2024,2,60,1,283062157.90019566,1515896984.1555383
2024,2,60,2,335311475.06029975,1167440834.7668648
2024,2,70,0,0.0,3.0
2024,2,70,1,262433095.03018433,1324380795.276371
2024,2,70,2,326673720.7104045,1294749794.08658
2024,2,80,0,1142.44,3417.6
2024,2,80,1,142169571.6200298,878998675.4589494
2024,2,80,2,240222338.94015864,1249933293.8270957
2024,2,99,0,913.3199999999999,3507806.84
2024,2,99,1,210751.3799999982,1731607.6100000576
2024,2,99,2,202719.39999999825,1590095.8500000609
2024,3,0,0,0.0,211.72
2024,3,0,1,277252748.2500815,700748509.8390994
2024,3,0,2,289420316.58007723,661263775.4390806
2024,3,20,1,105946189.51010151,303282076.1598023
2024,3,20,2,164595108.0501151,465754933.029316
2024,3,30,1,139221759.7301139,409325894.16964144
2024,3,30,2,220963009.64005336,675412094.98917
2024,3,40,1,196988591.3100472,566646786.6394545
2024,3,40,2,276587051.49004817,765377374.8590604
2024,3,50,0,0.0,27.5
2024,3,50,1,281813307.2000353,912986820.7989979
2024,3,50,2,349202265.15012884,1039488154.3587067
2024,3,60,0,0.0,2.1
2024,3,60,1,298020170.9500898,1567229617.475785
2024,3,60,2,355703978.80014277,1220601518.767351
2024,3,70,1,280034841.9701084,1384971597.1462455
2024,3,70,2,353000233.9502925,1365412552.5265286
2024,3,80,0,150.0,1139.2
2024,3,80,1,154347078.22006616,925408403.1395831
2024,3,80,2,261983157.93006328,1316251203.4978755
2024,3,99,0,1204.83,7314701.76
2024,3,99,1,180936.6399999989,1792990.6000000292
2024,3,99,2,224994.60999999914,1661355.320000043
2024,4,0,0,0.0,39109.19
2024,4,0,1,260011535.35021496,671235044.788925
2024,4,0,2,269560999.20018256,635182855.3588985
2024,4,20,0,7.949999999999999,38.96
2024,4,20,1,101122709.74008584,295125361.5897899
2024,4,20,2,157285913.59015295,453911908.25908226
2024,4,30,1,133496501.52011919,396218935.5595962
2024,4,30,2,211830491.49014312,656369766.7088143
2024,4,40,1,182044318.18008173,540096786.9693558
2024,4,40,2,257220327.200135,734102605.8487374
2024,4,50,0,0.0,0.01
2024,4,50,1,264802185.06011248,883480025.2884082
2024,4,50,2,330966874.5201929,1009208264.1281464
2024,4,60,1,283233449.9701211,1583203799.5052397
2024,4,60,2,339465558.72022206,1190679040.796731
2024,4,70,1,268234990.2901747,1360954014.6162066
2024,4,70,2,338476652.3403795,1334509507.6863327
2024,4,80,0,8104.22,24537.63000000001
2024,4,80,1,148540688.46003675,914010860.8989917
2024,4,80,2,255735605.98016402,1300378620.7670085
2024,4,99,0,1359.17,845171.9299999999
2024,4,99,1,187097.06999999925,1699741.4500000477
2024,4,99,2,207954.70999999825,1662554.4400000633
2024,5,0,0,0.0,376.94
2024,5,0,1,248548337.23007533,639876722.6493721
2024,5,0,2,257036346.7700555,601306566.2793541
2024,5,20,1,96317241.33006656,280325622.0098762
2024,5,20,2,148726779.31012544,433203444.6194324
2024,5,30,1,127248628.28012554,378305916.9397436
2024,5,30,2,202237850.37005523,634288503.7993052
2024,5,40,1,177422189.18004778,523964279.76956314
2024,5,40,2,248151858.84005925,707659487.2392873
2024,5,50,0,0.0,693.2
2024,5,50,1,253566914.11004928,848473542.0791608
2024,5,50,2,311161735.1100247,957257493.5089535
2024,5,60,1,269994428.1900601,1503869778.4163775
2024,5,60,2,321336123.67006,1138077904.9981823
2024,5,70,1,259034036.15011647,1326534594.2476778
2024,5,70,2,328174573.4401886,1299172683.9876394
2024,5,80,0,1082.6799999999998,2410.12
2024,5,80,1,149808156.4000413,906201309.8195668
2024,5,80,2,262547761.87009382,1292370479.29809
2024,5,99,0,0.0,467671.92999999993
2024,5,99,1,191126.60999999932,1982614.620000039
2024,5,99,2,234950.39999999845,1742295.030000041
2024,6,0,1,259233571.7701209,674173819.0791978
2024,6,0,2,263072652.02008623,617906954.8091804
2024,6,20,1,101030242.3500827,288173978.1498309
2024,6,20,2,154588556.18015793,441026642.3092687
2024,6,30,0,0.0,210.57
2024,6,30,1,132087439.14012612,383916477.4496651
2024,6,30,2,210222180.44007432,642017207.5191157
2024,6,40,1,186097160.99006754,536611615.4994572
2024,6,40,2,261000887.68007228,725699646.4690709
2024,6,50,1,268017512.92004335,863686168.8888246
2024,6,50,2,332729435.6801223,987112523.2785406
2024,6,60,1,279090034.6200879,1450240805.1460092
2024,6,60,2,336218803.2501577,1150800605.0675092
2024,6,70,1,260076575.97012702,1311870192.187126
2024,6,70,2,332842201.60029984,1296895632.6671607
2024,6,80,0,2208.24,5511.239999999999
2024,6,80,1,145306157.3200483,891579546.6893295
2024,6,80,2,252214345.23009256,1268699931.6578166
2024,6,99,0,0.0,208541525.71999997
2024,6,99,1,183737.2599999997,7208997.72999982
2024,6,99,2,222382.87999999916,15861297.189999536
2024,7,0,0,0.0,546.39
2024,7,0,1,249888937.86018962,644899739.5290238
2024,7,0,2,255795590.22020426,606194818.3989375
2024,7,20,0,0.0,35.65
2024,7,20,1,108978572.51008375,308711162.3997503
2024,7,20,2,162771723.76015353,465812741.4290558
2024,7,30,1,139488662.02009657,404644108.3095541
2024,7,30,2,213099715.0301458,652295072.9087877
2024,7,40,1,189938922.07008776,550542025.1392975
2024,7,40,2,261152029.00014892,730556946.9887046
2024,7,50,0,0.0,24.5
2024,7,50,1,274429465.0701165,889707259.2183197
2024,7,50,2,337871039.14023834,1011463669.9480702
2024,7,60,0,133.18,380.52
2024,7,60,1,280021104.6601303,1670409986.9345157
2024,7,60,2,329588445.85026777,1161722875.606838
2024,7,70,0,0.0,59.88
2024,7,70,1,258769245.82017288,1350814977.9760587
2024,7,70,2,322394193.42035675,1300605959.3463244
2024,7,80,0,21438.819999999996,54851.96
2024,7,80,1,147721628.96003598,930072470.678903
2024,7,80,2,252906102.57014176,1314265997.446649
2024,7,99,0,0.0,709631.2999999999
2024,7,99,1,162038.76999999964,1705407.750000049
2024,7,99,2,211109.469999999,1586404.890000062
2024,8,0,0,987.8400000000001,3040.9500000000003
2024,8,0,1,187721635.06015757,471909557.3395167
2024,8,0,2,194990002.81015405,451093546.7693906
2024,8,20,1,76749512.81002468,235631977.47990224
2024,8,20,2,118206032.18014354,360096488.9294372
2024,8,30,0,0.0,53.0
2024,8,30,1,92039443.79005897,301374896.1998316
2024,8,30,2,141038090.61011583,482842318.7392225
2024,8,40,1,122600154.01010239,405079172.66956687
2024,8,40,2,167807211.1001063,522985508.8892346
2024,8,50,1,173505898.33009005,663472905.7890276
2024,8,50,2,211800802.00011647,729157251.6987327
2024,8,60,0,0.0,67.75
2024,8,60,1,174811880.8301018,1431315887.3560328
2024,8,60,2,201974150.84012848,863773826.2881745
2024,8,70,1,167803613.79006675,1080677896.918541
2024,8,70,2,206859138.12013233,1003184223.7384981
2024,8,80,0,9387.58,23911.12
2024,8,80,1,104407337.27002177,782162243.6792214
2024,8,80,2,185438266.30005947,1104366534.4483533
2024,8,99,0,0.0,418637.94999999995
2024,8,99,1,130217.27999999974,1453410.4200000288
2024,8,99,2,137804.01999999958,1246557.5300000217
2024,9,0,0,0.0,26.5
2024,9,0,1,275618766.78011465,680079441.8792306
2024,9,0,2,278936430.7700682,629479477.7491866
2024,9,20,1,100459417.24008518,288050301.8498544
2024,9,20,2,154828379.50013092,443535023.39933294
2024,9,30,1,131631856.96012114,386365229.8197123
2024,9,30,2,205251740.55008757,638763207.9792058
2024,9,40,1,186822522.93003878,538572560.8595033
2024,9,40,2,256321019.94007376,720844932.5691421
2024,9,50,1,262178231.33004424,857176086.6490221
2024,9,50,2,318025392.4900794,969016806.0487242
2024,9,60,1,267694340.25007048,1466392362.28643
2024,9,60,2,317365148.83010614,1137055607.3680208
2024,9,70,1,247661286.56012437,1304169792.407717
2024,9,70,2,314593267.6802178,1286104987.2975955
2024,9,80,0,178.98,398.4
2024,9,80,1,139355016.28005052,884775435.6994731
2024,9,80,2,238432411.10007158,1251763338.6481838
2024,9,99,0,0.0,206536777.7
2024,9,99,1,160923.8799999994,21006780.219999816
2024,9,99,2,182787.71999999983,6589961.459999862
2024,10,0,0,0.0,300.0
2024,10,0,1,284165140.4701326,716785017.6090797
2024,10,0,2,291534170.10012245,675965383.5091033
2024,10,20,1,102687128.70009299,298517513.8698412
2024,10,20,2,161419161.99013335,462780730.85924226
2024,10,30,0,0.0,26.5
2024,10,30,1,136019490.1501266,400426623.5396773
2024,10,30,2,216836688.73013043,672832958.109223
2024,10,40,1,191499544.86006504,553931383.2394812
2024,10,40,2,270758679.1201172,759969217.0891113
2024,10,50,1,277375824.60007143,899143109.0889535
2024,10,50,2,344827322.1801496,1037408432.0685995
2024,10,60,1,296515452.99012953,1574342935.7355435
2024,10,60,2,350650608.09019953,1230825432.4073277
2024,10,70,1,277260584.77018774,1409381019.4967346
2024,10,70,2,346748381.93033844,1381524903.606874
2024,10,80,0,4810.589999999999,18139.93
2024,10,80,1,152434783.42004937,942624932.8294085
2024,10,80,2,256589921.66013888,1312923516.2278428
2024,10,99,0,0.0,3406499.060000001
2024,10,99,1,175950.32999999938,2175360.1100000446
2024,10,99,2,212389.99999999884,1712094.85000005
2024,11,0,1,236282650.910122,600990348.7894441
2024,11,0,2,245613815.27011484,569091391.5993693
2024,11,20,1,84203265.27004158,253187613.11989015
2024,11,20,2,137655114.6901592,398819258.4594341
2024,11,30,1,113564814.61009155,343448532.9297665
2024,11,30,2,185159768.71010646,580697978.8593053
2024,11,40,1,162257343.66007343,477495737.0195931
2024,11,40,2,231449797.95009115,652975892.9992505
2024,11,50,1,231966045.23007432,764133771.9891363
2024,11,50,2,289742187.3401214,878098454.7088474
2024,11,60,1,249272412.97009003,1341755739.0469809
2024,11,60,2,300041433.08017266,1057649515.118351
2024,11,70,1,237316774.02014434,1210154404.3281112
2024,11,70,2,296937744.340234,1189242329.1379857
2024,11,80,0,270.66999999999996,602.53
2024,11,80,1,133765721.2800376,806146556.8694384
2024,11,80,2,225607215.44010365,1120483658.6486313
2024,11,99,0,0.0,199950429.54999992
2024,11,99,1,205698.8499999984,14026479.199999716
2024,11,99,2,225357.3199999984,16318806.089999652
2024,12,0,1,172442983.76008466,436087906.9397484
2024,12,0,2,179216577.50010574,419513255.7096665
2024,12,20,1,66286945.14999156,183772378.51996252
2024,12,20,2,106034037.61005512,288552541.7698149
2024,12,30,1,89191311.32002333,247076758.22992933
2024,12,30,2,140965803.5200749,405861593.74966395
2024,12,40,1,129779310.95004575,345951221.16981053
2024,12,40,2,180036445.95006382,470122226.40965915
2024,12,50,1,185847744.92005783,542842859.4295586
2024,12,50,2,227446516.20006746,629742674.6493846
2024,12,60,1,196870540.03006107,1054239741.7687987
2024,12,60,2,234185110.63008144,730109610.2191014
2024,12,70,1,181775121.73006546,807992357.7392713
2024,12,70,2,222682641.78009686,794238829.589249
2024,12,80,1,97663204.27000187,526653151.3397124
2024,12,80,2,157838157.44003734,703943696.9993936
2024,12,99,0,49.07,4588888.8599999985
2024,12,99,1,151376.56999999928,1156451.380000028
2024,12,99,2,218946.97999999762,1182979.5800000338
